Age,Primary streaming service,Hours per day,While working,Instrumentalist,Composer,Fav genre,Exploratory,Foreign languages,Frequency [6],Frequency [3],Frequency [8],Frequency [9],Frequency [16],Frequency [2],Frequency [11],Frequency [12],Frequency [1],Frequency [14],Frequency [7],Frequency [4],Frequency [15],Frequency [13],Frequency [5],Frequency [10],Anxiety,Depression,Insomnia,OCD,Music effects
18,3,3,1,1,1,1,1,1,2,1,2,1,1,3,1,4,4,2,1,4,3,4,1,3,3,0,1,0,0
63,4,1.5,1,2,2,5,1,2,3,1,1,2,3,2,4,2,3,2,1,3,3,2,4,2,7,2,2,1,0
18,3,4,2,2,2,10,2,1,1,1,4,1,1,2,2,4,1,3,3,2,1,2,2,4,7,7,10,2,0
61,5,2.5,1,2,1,11,1,1,3,1,1,2,3,1,4,3,4,3,1,3,3,1,1,1,9,7,3,3,2
18,3,4,1,2,2,15,1,2,1,1,2,1,2,4,1,4,3,3,1,3,4,4,1,2,7,2,5,9,2
18,3,5,1,1,1,11,1,1,2,3,1,1,1,3,4,4,2,4,2,4,4,4,4,1,8,8,7,7,2
18,5,3,1,1,2,10,1,1,3,1,2,3,2,2,3,1,2,2,2,2,2,1,1,3,4,8,6,0,2
21,3,1,1,2,2,12,1,1,1,1,2,1,1,4,2,4,1,3,1,3,3,2,1,2,5,3,5,3,2
19,3,6,1,2,2,5,2,2,1,4,1,3,1,1,1,1,1,1,4,1,1,1,4,1,2,0,0,0,2
18,0,1,1,2,2,15,1,1,2,2,2,2,3,2,2,1,2,2,1,3,3,2,3,3,2,2,5,1,2
18,3,3,1,1,2,3,1,2,1,4,1,1,1,1,1,1,1,1,1,2,2,1,2,1,7,7,4,7,0
19,5,8,1,2,2,8,1,2,2,1,4,1,1,3,2,2,2,2,1,2,2,3,2,2,1,0,0,1,2
18,3,3,1,2,2,2,1,1,2,1,2,1,1,4,1,3,1,4,1,3,3,2,2,1,9,3,2,7,2
19,3,2,1,2,2,3,1,2,1,4,2,3,1,3,1,1,1,2,1,2,1,4,1,1,2,1,2,0,2
18,3,4,1,1,2,11,1,1,4,2,1,1,1,1,4,1,3,2,3,3,1,1,3,2,6,4,7,0,2
17,3,2,2,2,2,4,1,1,2,2,1,1,1,3,2,2,2,2,2,4,2,3,3,2,7,5,4,1,1
16,3,8,1,2,2,2,1,1,1,1,1,1,1,4,1,1,1,1,1,1,3,4,1,2,8,8,4,3,2
16,3,12,1,2,1,2,1,1,2,1,3,2,1,4,2,1,1,1,3,3,2,3,4,1,5,7,10,0,2
17,3,24,1,2,2,13,1,2,2,1,1,1,1,3,3,3,2,1,3,2,3,4,4,1,7,5,0,3,2
15,3,3,2,2,2,2,2,2,1,1,1,1,1,4,2,1,1,1,2,2,3,4,2,1,7,3,0,2,2
15,6,8,1,2,2,2,1,1,2,1,3,2,1,4,3,4,3,2,2,4,2,4,3,3,6,9,3,0,2
17,3,4,1,2,2,13,1,2,1,2,2,1,1,3,1,1,1,2,2,3,1,4,3,1,10,10,2,4,2
19,0,5,1,2,2,15,1,1,2,2,3,4,2,4,3,1,1,2,2,2,4,4,3,2,6,7,5,4,2
18,3,2,1,2,2,4,2,1,2,2,3,1,1,2,1,2,3,1,1,4,1,1,1,2,3,3,8,6,0
16,7,3,1,1,1,5,1,1,2,2,1,2,3,3,3,1,2,1,3,1,3,2,4,3,10,6,8,10,2
18,3,2,2,2,2,4,1,1,3,2,2,4,2,2,2,4,1,3,1,4,3,3,3,1,7,4,2,5,2
14,3,12,1,1,1,5,1,1,3,3,2,2,2,4,3,1,1,4,1,4,4,4,4,3,8,6,10,5,2
18,5,6,1,1,1,4,2,1,3,2,2,2,2,3,3,1,1,1,1,4,3,3,1,1,3,2,1,2,2
17,3,2,1,1,2,4,1,1,1,4,2,2,1,1,2,3,4,2,2,4,2,1,3,3,6,6,4,5,2
17,6,1,1,2,2,4,1,2,2,1,1,2,1,1,3,1,1,1,3,3,1,1,3,1,8,2,1,5,2
20,6,5,1,1,2,5,1,1,1,2,2,4,1,4,3,1,3,3,4,3,3,3,4,2,7,7,2,0,2
19,3,2,1,2,2,6,2,2,4,1,1,1,1,2,2,1,1,3,1,4,1,1,1,4,4,4,4,3,0
19,3,6,1,1,2,7,1,1,1,1,1,2,1,2,3,2,1,3,4,3,1,1,3,3,9,8,2,3,2
17,3,4,2,2,2,5,1,1,2,2,2,4,1,3,2,2,1,2,2,4,2,3,4,2,5,6,6,1,2
16,3,1,1,2,2,6,2,2,4,1,1,2,1,1,1,1,1,1,2,1,1,1,1,2,0,0,0,0,0
18,3,5,1,1,2,4,1,2,3,2,3,2,3,3,2,3,2,3,2,4,3,3,2,1,3,2,1,1,2
21,3,4,1,2,2,4,2,1,1,1,2,1,1,3,1,2,2,1,1,4,1,2,1,1,6,8,0,2,2
17,7,3,1,2,2,4,1,2,1,1,3,1,1,4,2,3,1,1,2,4,3,4,4,1,2,0,4,0,0
26,7,0.5,2,2,2,5,2,1,2,1,2,3,1,1,2,1,1,1,1,2,1,1,4,1,9,8,1,0,0
20,3,4,1,2,2,8,1,2,2,2,4,3,2,3,2,3,1,3,2,4,4,3,4,2,7,2,8,6,2
23,5,2,1,1,1,10,1,2,3,2,1,2,3,1,3,2,2,2,2,3,3,2,3,4,4,2,3,4,2
18,3,5,1,1,2,5,1,2,4,1,1,3,1,3,3,2,1,3,4,3,2,3,4,3,7,6,5,0,2
37,5,0.25,2,2,2,10,1,2,4,2,1,2,1,2,3,1,2,1,1,4,3,1,3,3,3,2,10,0,0
17,3,3,1,2,2,6,1,1,4,1,4,1,1,4,3,3,2,3,1,3,4,4,2,3,6,6,8,2,2
18,3,4,1,2,2,7,1,1,2,1,1,1,1,4,2,1,1,1,4,3,3,4,4,4,1,0,8,2,0
17,0,1,1,1,1,9,2,2,1,3,2,4,1,2,1,1,2,2,2,2,2,3,3,3,7,3,1,5,2
36,3,1,2,1,1,6,2,2,4,3,1,2,1,1,1,1,1,1,3,2,1,1,3,1,8,9,3,0,0
24,3,3,1,2,2,5,1,1,2,1,2,3,1,1,1,2,1,4,2,3,1,1,4,3,9,6,4,3,2
18,3,5,1,2,1,7,1,1,1,1,2,2,1,4,2,1,2,2,4,3,2,4,4,1,7,9,5,0,2
19,3,3,1,2,2,4,2,1,3,2,3,1,1,4,3,2,1,3,2,4,3,3,3,3,7,4,2,4,0
17,6,2,1,1,2,8,1,2,1,2,4,1,1,2,1,1,2,2,4,3,3,3,4,2,0,0,0,0,2
16,3,6,1,2,2,12,1,1,2,1,1,2,3,4,2,4,4,4,1,3,4,4,2,1,7,8,7,5,2
23,6,1,2,2,2,13,2,1,3,2,3,2,1,4,4,1,1,1,3,2,2,4,4,2,10,6,3,10,0
23,3,12,1,2,2,4,1,1,4,2,1,4,1,2,3,2,2,2,1,4,3,2,2,1,3,7,5,5,0
22,3,4,1,2,1,5,1,1,2,1,2,3,1,2,2,1,1,2,3,4,3,2,4,2,8,7,4,3,2
16,6,2,1,1,2,6,1,2,4,1,1,1,1,2,3,1,1,1,1,2,2,2,3,2,0,0,1,3,2
18,3,6,1,2,2,5,1,2,2,1,1,2,1,1,1,1,1,1,4,2,1,3,4,1,8,6,2,10,0
42,0,0,,2,2,5,2,1,2,2,1,1,1,1,2,1,1,1,3,2,2,1,3,3,9,0,10,0,0
23,3,7,1,2,2,9,1,1,2,4,1,4,4,3,2,1,2,1,3,3,2,2,2,3,6,4,2,3,2
23,0,1,1,1,2,10,2,2,3,3,3,2,1,2,3,2,2,4,1,3,4,2,3,4,7,0,0,2,2
19,5,1,2,1,2,12,1,1,1,1,1,1,1,1,3,4,1,1,1,1,1,1,1,2,10,1,0,0,2
22,4,1,2,1,2,5,1,2,2,1,3,2,1,1,4,1,1,1,1,3,2,1,4,2,8,7,0,5,2
15,7,2,1,1,2,5,2,2,1,1,2,2,1,1,1,1,1,2,3,3,1,1,4,3,3,2,6,7,2
25,3,2,2,2,2,7,2,1,2,2,2,3,1,2,1,2,1,2,4,3,1,2,4,4,5,5,3,1,0
32,3,5,1,2,2,5,2,1,3,1,2,3,1,3,2,2,1,1,4,4,4,2,4,1,10,10,3,1,1
36,3,6,1,2,2,7,1,1,4,1,2,4,1,1,1,3,1,2,4,2,1,1,3,4,5,4,10,2,2
24,3,3,2,2,2,5,1,1,3,3,1,2,1,1,2,1,2,1,4,4,1,1,4,1,0,0,8,0,0
29,3,4,2,2,2,2,1,2,2,3,2,1,2,4,2,2,2,2,1,3,3,3,3,1,8,8,5,10,2
41,6,3,1,1,1,7,1,1,3,1,3,1,1,2,2,1,1,3,3,3,1,2,2,1,10,7,8,0,2
36,0,2,1,1,1,5,1,2,3,2,4,3,2,2,4,1,1,1,4,3,2,2,4,3,7,3,1,1,2
19,5,3,1,2,2,5,1,2,2,3,3,2,1,3,2,1,3,3,3,3,4,4,4,2,8,7,4,0,2
31,3,2,1,2,2,5,1,1,1,3,1,2,3,1,3,2,1,1,3,4,1,1,4,1,10,2,0,5,0
16,3,4,1,2,2,5,2,1,3,2,2,3,1,2,2,2,2,3,3,4,2,2,4,4,9,8,1,2,2
26,3,2,1,1,1,2,1,1,2,2,4,2,2,4,2,2,2,2,2,3,2,4,4,2,6,3,1,1,2
22,6,0.5,2,2,2,2,2,2,3,1,1,1,1,4,2,1,2,1,1,3,3,4,1,1,7,7,0,1,0
16,3,5,1,1,1,11,1,1,3,2,1,1,2,2,4,4,2,1,1,4,2,4,3,1,7,7,8,4,2
17,3,5,1,2,2,7,1,1,1,3,2,2,1,1,1,1,1,1,4,2,1,1,4,3,4,1,0,0,2
19,3,10,1,2,2,15,1,1,1,2,4,1,1,3,1,4,1,1,1,2,4,2,1,1,7,2,1,5,2
18,5,2,2,2,2,8,2,1,3,2,4,1,2,2,2,1,1,3,1,4,2,3,2,4,9,0,5,10,2
18,5,4,1,2,2,2,1,1,1,1,2,1,1,4,3,3,2,3,1,4,4,4,3,2,2,7,1,1,2
19,3,5,2,1,1,5,1,1,2,1,1,2,1,3,4,1,4,2,3,2,3,2,4,2,10,8,7,0,2
19,3,3,1,2,2,11,1,2,2,1,2,1,1,4,4,2,3,4,1,3,3,3,2,4,3,0,0,0,2
22,3,2,1,2,2,12,1,1,1,1,4,1,1,3,1,4,1,1,1,3,1,3,4,2,7,8,5,1,0
16,3,2.5,1,1,1,5,1,1,2,3,1,4,1,2,3,1,3,3,2,4,2,1,4,2,2,1,0,0,2
19,3,3,1,2,2,15,1,1,2,1,3,1,1,4,2,4,2,2,2,4,4,4,2,4,5,4,0,1,2
37,3,1,1,2,2,5,2,2,2,2,2,2,1,2,2,2,1,2,2,3,2,2,4,1,9,10,6,10,0
14,3,7,1,1,2,11,2,2,2,1,4,1,1,1,4,1,3,1,1,3,1,1,4,4,2,0,0,0,2
33,0,1,2,2,2,7,2,1,2,3,3,1,1,3,1,1,2,1,4,3,2,3,3,3,5,2,5,1,2
26,3,1,2,2,2,15,2,2,2,3,1,3,1,4,4,1,1,1,4,4,4,4,4,1,3,2,0,0,0
32,3,3,1,2,2,2,2,2,1,1,2,1,1,4,1,1,3,2,1,3,4,4,2,1,2,0,7,0,0
30,3,5,1,1,2,7,1,2,3,2,1,3,1,2,1,1,1,1,4,3,1,1,4,1,7,6,6,2,0
43,0,6,1,1,1,10,1,1,3,2,4,2,2,2,2,3,2,4,2,3,2,1,3,4,5,4,8,3,0
24,3,4,1,2,2,6,1,1,4,2,2,1,1,2,2,1,1,1,3,4,2,1,4,2,4,6,5,3,2
36,5,1,1,2,2,5,1,2,3,2,1,1,1,1,1,1,1,1,2,3,2,2,4,1,6,2,3,1,2
19,5,4,1,2,2,10,1,2,2,1,2,1,1,2,3,1,1,3,1,3,1,1,2,4,8,2,1,6,2
22,3,10,1,2,2,7,1,1,2,4,1,4,1,1,2,1,1,1,4,2,1,2,3,3,9,6,0,6,2
20,3,3,2,2,1,8,1,1,2,3,4,1,1,3,1,2,1,3,1,3,1,3,3,2,0,3,7,0,2
31,3,2,2,2,2,5,1,2,2,2,1,2,1,2,2,1,1,2,3,3,1,2,4,1,8,9,6,2,2
19,3,4,1,2,2,7,1,1,3,1,1,1,1,3,3,2,1,1,3,3,2,3,4,2,4,1,1,1,2
15,3,8,1,2,2,5,2,2,1,1,1,1,1,1,1,1,1,1,3,2,1,1,4,2,8,7,5,0,2
18,3,2,2,1,1,7,1,1,1,1,2,1,1,3,1,1,1,1,4,3,1,2,4,2,3,4,6,1,2
25,0,0.5,2,1,2,6,2,2,4,1,1,1,2,1,3,1,3,1,2,2,2,1,4,3,1,1,3,1,2
17,6,5,1,2,2,7,1,2,1,2,1,1,1,3,1,1,1,2,4,3,3,3,4,2,10,8,6,7,0
28,5,1,2,2,2,5,1,2,2,1,4,3,1,1,1,1,1,2,2,2,1,1,3,2,6,6,2,0,0
20,3,3,1,2,2,5,1,1,1,1,2,1,1,2,1,3,1,2,2,3,3,2,4,3,6,7,0,0,2
21,5,2,1,1,2,7,1,1,3,2,1,4,1,1,2,1,1,2,4,2,1,2,3,4,8,4,10,0,0
41,3,3,1,2,2,4,2,1,3,1,2,2,2,4,3,2,2,1,2,4,4,3,4,1,9,7,6,2,0
20,3,2,1,1,2,4,1,2,1,1,3,1,1,2,1,1,1,1,1,4,1,2,4,3,7,4,6,5,2
34,7,4,1,2,2,7,1,1,2,1,3,1,1,3,2,1,1,1,4,2,1,3,3,2,6,7,0,0,0
21,5,3,1,2,1,7,1,2,3,2,1,3,1,1,1,1,1,1,4,4,1,1,4,2,10,0,10,10,2
23,3,2,1,2,2,7,1,1,2,1,1,2,1,1,1,1,1,3,4,2,1,1,3,2,6,3,0,1,2
16,3,3,2,2,2,4,2,2,2,1,1,1,1,3,2,1,2,1,1,4,3,2,1,1,7,5,5,3,2
19,5,4,1,2,2,4,1,2,2,2,2,2,1,3,2,2,1,1,2,4,2,3,3,3,7,10,5,0,2
22,3,2,1,1,2,5,1,1,3,1,1,2,1,3,3,1,3,2,2,4,3,3,4,3,8,6,0,0,2
19,3,8,1,2,2,12,1,1,4,1,2,1,1,3,3,4,1,4,1,4,3,2,2,2,4,3,0,0,2
23,3,4,1,2,2,2,1,1,2,1,3,3,1,4,2,4,3,4,2,4,4,4,3,3,7,6,7,5,2
23,3,2,2,1,2,7,2,1,1,1,2,1,1,2,2,1,1,1,4,1,1,2,3,1,7,3,2,3,2
22,3,1,2,2,1,8,1,2,1,1,4,1,2,3,3,1,1,1,1,4,4,3,3,1,2,7,5,0,2
17,3,3,1,2,2,5,1,2,2,3,3,3,1,2,2,2,1,4,3,4,4,3,4,3,7,8,6,5,2
28,3,0.5,2,2,2,9,1,2,2,3,1,4,1,2,2,1,1,1,1,3,1,2,4,2,4,7,1,0,2
23,3,2,2,2,2,5,1,1,1,1,1,1,1,3,1,3,1,1,4,4,1,3,4,3,7,8,5,1,0
19,6,3,1,2,2,5,1,1,1,3,3,1,1,4,1,1,1,2,2,2,2,3,4,3,5,2,8,6,2
17,3,2,1,1,1,2,1,1,2,1,3,3,1,4,3,2,2,2,4,2,2,4,4,1,10,7,4,2,2
21,5,1,2,2,2,5,1,2,1,2,1,2,1,3,2,1,1,4,3,2,3,3,4,2,6,5,0,0,0
29,7,5,1,2,2,11,1,1,2,1,1,2,1,1,4,1,2,2,2,1,3,1,4,3,7,2,3,1,2
22,3,10,2,1,1,8,2,1,3,3,4,4,1,1,2,1,1,1,2,1,2,1,3,3,4,7,7,3,2
18,3,4,1,1,1,4,1,1,3,2,3,2,1,2,3,3,3,3,4,4,2,2,4,4,4,5,6,5,2
13,3,2,1,1,1,5,1,2,2,1,3,4,2,3,1,1,1,3,3,4,2,4,4,4,7,10,5,6,1
24,3,1,2,2,2,7,1,2,3,1,2,2,1,2,1,1,1,1,4,3,3,3,4,2,6,4,5,0,2
35,3,6,1,2,2,5,1,1,3,2,3,4,1,2,3,2,2,3,3,3,2,2,4,3,4,1,3,1,0
29,5,1,1,1,2,10,1,2,3,1,1,2,3,1,2,1,1,1,1,3,2,1,3,3,6,6,1,2,2
28,3,6,1,2,2,5,2,2,3,2,1,3,1,2,2,1,2,2,3,3,3,2,4,4,10,8,7,1,2
32,3,7,1,2,2,4,1,1,3,1,2,1,1,3,2,1,1,2,2,4,4,4,4,4,10,8,2,8,2
32,7,1,2,2,2,8,1,2,2,1,4,2,2,3,2,1,2,2,1,3,2,2,2,1,3,6,2,0,0
21,3,3,1,1,2,5,1,2,1,1,1,4,1,3,1,1,1,3,4,2,1,2,4,3,8,9,2,0,2
18,3,2,1,1,2,10,2,1,1,1,3,1,1,2,1,1,1,2,1,2,1,1,3,4,8,3,8,7,2
19,3,3,1,1,2,6,1,2,4,2,1,1,1,1,1,2,1,3,1,4,1,1,2,3,3,3,1,2,2
18,6,2,1,1,2,4,1,1,2,2,1,1,1,2,1,4,2,2,2,4,2,2,2,1,6,5,2,0,2
16,5,3,1,2,1,4,2,2,2,3,3,1,1,2,1,3,1,3,1,4,1,2,4,2,0,0,4,0,0
25,3,1.5,1,2,2,4,2,2,3,2,2,3,1,2,1,1,1,2,2,4,4,2,4,1,6,5,0,2,2
17,3,4,1,2,2,14,1,1,4,1,1,1,3,3,2,3,1,4,1,4,3,3,2,4,3,8,0,0,2
16,3,2,1,2,2,13,1,1,4,1,1,1,1,4,1,3,1,2,1,4,4,4,1,3,1,8,0,0,0
27,3,10,1,2,2,7,1,1,3,1,3,1,1,3,2,1,1,2,4,4,2,3,4,2,5,6,6,3,2
53,3,7,1,2,2,4,1,1,4,3,4,2,2,3,3,2,3,2,2,4,4,2,4,2,0,0,0,0,2
25,3,1,1,2,2,8,2,2,1,1,4,1,1,2,1,2,1,2,1,1,1,1,2,2,0,8,0,0,2
34,3,2,2,2,2,7,2,2,1,1,2,1,1,1,1,1,1,1,4,2,1,1,3,1,3,7,0,0,2
22,7,6,1,1,1,11,1,1,3,2,4,4,2,4,4,2,3,3,3,4,4,4,3,3,8,8,8,5,2
17,3,2,1,1,1,11,1,2,3,1,1,1,1,2,3,1,1,2,3,4,1,2,4,2,5,2,3,4,2
26,3,3,1,1,2,9,1,2,2,2,1,4,2,2,3,1,1,2,2,3,3,2,3,3,8,8,3,0,2
19,3,8,1,2,2,8,1,2,1,1,4,1,1,3,1,2,1,1,2,3,3,3,3,1,6,8,8,0,2
21,3,3,1,2,2,4,1,1,2,4,3,2,1,4,2,1,4,3,2,4,4,4,3,3,6,8,6,0,1
32,3,3,1,1,1,5,1,1,2,2,3,4,1,3,2,1,3,4,2,3,4,2,4,2,6,6,7,5,2
21,0,3,1,2,2,5,2,2,1,1,1,3,3,3,3,1,2,1,2,2,2,3,4,4,9,10,3,0,0
25,3,2,2,1,2,4,2,2,2,1,1,2,1,3,1,1,3,1,1,4,3,4,4,2,7,7,5,0,2
26,3,1,2,2,2,5,2,2,2,1,2,2,1,2,2,1,1,2,3,3,2,3,4,1,10,7,2,8,0
21,3,2,1,1,2,7,1,1,2,1,1,3,1,2,1,1,1,2,4,2,1,2,4,3,1,3,0,6,0
17,3,2,1,1,2,4,2,1,2,1,1,1,1,2,4,4,1,4,1,4,4,3,1,3,5,3,2,1,2
28,0,4,1,2,2,5,1,1,2,3,2,2,1,3,3,2,1,1,3,3,2,2,4,3,6,8,1,6,2
41,5,4,1,2,2,4,1,2,2,1,3,4,1,4,3,2,2,3,2,4,4,3,4,2,7,2,0,7,2
18,3,1,1,1,2,7,1,1,2,1,2,1,1,3,1,1,1,1,4,2,1,3,4,3,6,9,9,0,2
22,3,2,2,2,2,15,2,1,3,1,1,1,1,2,1,4,4,3,1,3,4,2,2,3,1,1,4,1,0
18,7,2,1,2,2,12,2,1,2,1,1,1,1,1,1,4,1,2,1,4,3,1,1,1,0,2,0,0,
49,7,1,1,2,2,8,1,2,3,1,4,3,1,3,2,2,2,3,3,3,2,2,4,3,8,8,2,0,2
21,3,3,1,1,1,7,1,2,3,2,2,3,1,2,2,2,1,3,4,4,2,3,4,3,3,3,7,0,0
27,3,10,1,2,2,7,1,1,1,2,3,3,1,3,2,2,2,3,4,4,3,3,4,3,8,8,3,0,2
19,3,1,2,2,1,7,1,1,1,1,1,1,1,2,1,1,1,3,4,3,2,2,4,1,6,4,0,3,0
27,3,3,1,2,2,7,1,1,3,1,1,2,1,3,2,1,1,2,4,1,2,3,3,2,1,0,0,0,2
27,3,1.5,1,2,2,5,2,2,1,1,1,2,1,3,1,2,1,2,4,3,1,3,4,3,5,5,4,4,2
19,3,3,1,1,2,12,1,1,3,1,1,4,2,2,2,4,1,3,1,3,3,2,3,3,8,9,6,0,
42,5,2.5,1,1,2,5,2,1,3,2,4,2,1,3,4,1,2,2,3,2,2,2,3,2,8,8,7,6,2
60,4,2,1,2,2,16,2,2,2,3,1,2,4,1,1,1,2,1,1,3,2,1,3,1,3,0,2,0,2
19,5,5,1,2,2,7,2,1,3,2,2,3,3,3,2,1,1,4,4,1,1,3,4,3,0,5,1,0,0
20,6,2,1,2,2,4,1,2,2,1,1,2,1,3,2,1,1,3,1,4,3,2,3,2,6,3,0,0,2
28,3,2,2,2,1,7,2,2,2,1,1,2,1,2,1,1,1,1,4,2,1,1,3,2,1,7,5,1,2
16,0,2,2,1,1,10,1,2,3,2,1,1,2,3,3,2,1,3,1,3,3,2,2,3,4,2,1,1,0
18,3,2,1,2,2,15,2,1,3,1,1,1,1,2,1,1,1,2,1,4,4,2,1,1,5,6,0,1,0
34,3,1,1,2,2,5,1,1,2,1,4,1,1,1,1,4,1,2,4,2,1,1,4,4,1,0,0,0,0
18,5,1.5,1,2,2,4,1,2,1,2,2,1,1,2,4,3,2,4,1,4,3,2,2,4,8,6,5,2,2
21,3,5,1,1,1,9,1,1,3,2,1,4,2,2,3,1,2,3,2,4,3,2,4,2,9,4,0,3,2
38,3,0.5,2,2,2,5,1,1,1,1,2,3,2,3,2,1,3,1,1,4,3,2,4,1,4,6,6,4,2
17,3,2,1,2,2,5,2,1,1,2,2,2,1,1,1,2,1,3,2,3,1,2,4,4,7,3,1,5,2
35,7,0.5,2,2,2,4,2,2,3,1,1,3,1,1,1,1,1,2,1,4,2,1,3,2,10,3,1,0,0
21,0,2,1,2,2,5,2,1,2,3,2,3,1,4,2,1,4,4,4,4,4,4,4,2,8,8,3,0,2
25,6,2.5,1,2,2,15,2,2,2,1,1,2,2,3,2,1,4,4,2,3,4,3,3,3,7,6,5,4,2
18,3,2,1,1,2,12,1,1,4,1,1,2,2,3,3,4,2,4,1,3,4,3,1,2,7,2,3,5,2
16,6,2,2,2,2,4,1,2,1,3,2,3,2,2,1,2,1,3,1,4,2,2,4,2,10,3.5,5,10,2
19,3,1,1,2,2,4,1,1,2,3,2,2,1,3,2,1,1,2,2,4,3,3,4,1,7,5,1,2,2
31,3,4,1,1,2,6,2,1,4,1,2,1,2,3,2,1,3,1,3,2,1,3,3,1,6,8,9,5,2
26,3,5,1,2,2,5,2,2,1,1,3,1,1,1,1,1,1,1,1,4,1,1,4,1,2,9,2,1,0
16,3,2,1,1,1,5,2,2,2,1,4,2,1,1,1,1,1,2,2,3,2,1,4,4,7,4,10,2,2
26,3,2,1,1,2,5,1,1,4,2,2,4,1,2,1,1,1,3,3,2,1,2,4,4,7,5,6,0,2
17,3,2,1,2,2,15,1,1,2,2,1,1,3,3,2,4,1,2,1,3,4,3,1,2,6,1,0,0,2
22,3,1,1,1,2,10,1,1,3,3,2,4,1,1,1,2,2,1,4,2,1,1,4,4,3,6,1,1,2
20,6,4,1,2,2,15,1,1,3,2,1,2,1,3,3,2,1,2,1,3,4,4,4,2,9,10,3,0,2
30,3,1,2,1,2,5,1,2,3,3,2,3,1,2,1,1,1,1,3,3,1,2,4,1,8,5,8,9,2
26,7,4,1,2,2,4,2,2,2,4,2,1,1,2,2,1,3,1,2,4,2,1,3,1,8,7,7,3,2
19,3,5,1,2,2,5,1,1,3,2,1,3,2,2,3,2,2,2,4,3,2,2,4,3,9,9,9,3,0
21,0,5,1,2,2,3,1,2,1,4,2,3,1,2,1,1,1,1,3,3,1,2,4,1,9,8,9,7,2
33,3,7,1,2,2,5,1,1,2,3,3,3,2,4,2,2,3,3,3,4,4,4,4,3,9,3,7,8,2
28,5,2,1,2,2,5,1,2,1,2,2,2,1,3,1,2,1,3,2,3,4,2,4,2,10,8,6,2,2
25,3,3,1,2,2,5,1,1,2,1,3,3,1,2,1,2,1,3,4,3,2,2,4,3,9,6,3,0,2
22,5,2,1,2,2,4,2,2,2,1,2,2,2,2,2,1,1,2,1,4,2,2,3,3,7,7,8,3,2
19,3,3,1,2,1,5,1,1,3,1,3,3,1,1,1,1,1,2,2,2,2,1,4,2,9,10,4,0,2
44,7,3,1,2,2,9,1,1,2,2,2,4,2,3,2,1,2,3,1,2,3,3,2,3,9,9,8,2,2
22,3,3,1,2,2,5,2,2,1,2,1,4,1,2,1,1,1,1,4,2,1,1,4,2,9,10,3,9,2
26,3,5,1,1,1,7,1,1,3,2,4,2,2,2,3,3,1,2,4,3,3,2,3,3,10,9,8,8,2
23,0,6,1,2,1,6,2,1,4,1,1,2,1,1,1,1,2,1,1,2,1,1,1,2,6,5,6,8,2
17,3,2,2,2,2,15,2,1,3,1,2,1,1,4,2,2,1,2,1,3,4,3,1,2,8,6,10,3,2
42,5,2,2,2,2,7,1,2,3,2,3,2,1,3,1,1,1,1,4,3,3,3,4,2,8,3,6,4,2
30,3,1,2,1,2,5,1,2,2,1,2,2,1,2,2,1,2,2,2,4,2,2,4,2,4,2,1,3,2
35,3,1,1,2,2,4,1,1,3,2,3,2,1,3,2,2,1,1,1,4,2,2,3,2,2,1,1,1,0
20,3,3,2,2,2,5,1,2,1,4,1,1,1,1,1,1,1,1,4,4,1,3,4,2,10,10,7,3,2
18,3,3,1,2,2,13,1,1,2,1,1,3,1,4,3,1,3,3,1,4,2,4,4,4,8,9,0,0,2
21,3,1,2,2,2,4,2,1,1,1,3,1,1,2,1,3,3,2,1,4,3,2,3,2,4,9,6,2,0
19,3,6,1,2,2,5,1,1,1,1,2,4,1,2,2,1,4,2,3,4,2,3,4,2,4,2,0,0,2
37,3,4,1,2,2,5,1,2,2,3,3,3,1,4,2,1,1,3,3,3,4,4,4,1,9,2,7,7,2
31,3,2,1,2,2,7,1,1,3,2,2,3,1,3,2,2,3,4,4,3,3,3,4,4,8,6,7,5,2
29,3,2,1,1,2,9,1,1,1,3,2,4,3,2,2,2,2,2,3,2,4,2,4,2,6,5,4,2,2
20,3,3,1,2,2,5,1,1,3,2,2,4,1,2,3,1,1,3,3,4,2,2,4,3,8,5,2,3,2
36,0,8,1,1,1,10,2,1,3,2,3,2,1,2,2,1,1,1,4,2,1,2,3,4,7,6,6,1,0
18,3,3,1,1,2,5,1,2,3,1,1,2,1,1,3,1,1,2,2,3,1,1,4,2,10,2,0,0,2
18,3,2,1,2,2,12,1,1,2,1,3,1,1,1,1,4,1,1,2,3,1,1,2,1,6,0,0,0,2
25,3,7,1,2,2,4,2,1,1,3,4,2,2,3,1,4,2,2,2,4,3,3,2,3,2,0,1,0,2
18,5,12,1,,2,12,1,1,1,1,1,1,1,3,1,4,3,1,2,4,3,3,2,1,3,7,5,2,2
31,5,9,1,2,2,4,1,1,2,2,2,3,1,1,2,2,2,4,3,4,1,2,3,3,9,0,2,0,2
17,3,2,1,2,2,4,1,1,2,2,2,2,2,3,3,3,1,1,2,4,2,3,3,1,5,4,1,1,2
21,3,1,1,2,2,9,2,1,1,2,1,4,1,2,3,1,1,2,2,2,1,1,3,4,8,4,0,1,2
30,7,1,2,2,2,3,2,2,1,4,1,1,1,3,1,1,1,1,1,4,2,3,3,2,8,10,2,0,2
40,6,2,1,2,2,7,1,1,3,1,3,2,1,2,2,1,1,2,4,2,2,2,4,1,3,6,2,1,0
64,0,4,1,2,2,5,2,2,3,2,3,2,1,2,3,2,2,1,2,3,2,2,3,2,4,4,2,1,2
14,3,2,1,1,2,5,1,1,2,1,1,3,1,3,2,1,1,1,3,4,2,3,4,2,7,5,2,6,2
26,5,6,1,2,2,5,1,2,3,1,1,2,1,2,3,1,1,1,2,3,1,2,4,1,3,2,0,0,0
35,3,4,1,1,1,3,1,1,2,4,2,3,2,4,3,2,3,3,3,3,2,3,4,1,9,9,5,1,2
33,7,1,2,2,2,5,2,2,1,1,1,1,1,3,1,1,2,1,1,3,2,2,4,1,3,10,4,1,0
30,3,6,1,2,2,9,1,1,3,2,1,4,2,1,2,1,1,3,3,2,1,1,4,1,9,0,5,0,0
31,3,2,2,1,2,7,1,,3,3,3,2,1,2,1,1,1,2,4,4,2,3,4,3,7,6,6,5,2
27,3,5,1,2,1,9,1,1,2,1,3,4,3,2,2,3,3,4,3,4,3,1,4,4,0,9,4,0,2
53,0,1.5,2,2,2,4,1,1,2,1,4,3,1,3,1,2,3,1,1,4,2,3,3,1,2,2,2,1,0
23,3,5,1,1,1,7,1,1,3,2,1,2,1,1,2,1,1,1,4,2,1,1,4,1,6,9,2,1,2
25,3,2,1,2,1,8,1,2,2,2,4,2,1,3,3,3,1,2,4,4,2,3,4,2,6,4,1,0,2
16,6,4,1,1,2,12,1,1,4,2,2,3,2,4,3,4,3,4,4,4,3,2,3,2,8,9,4,0,2
18,3,2,1,1,1,5,1,2,1,1,2,2,1,2,1,1,1,2,1,2,1,2,4,1,6,7,4,3,2
29,3,5,1,1,1,6,1,1,4,1,1,2,1,1,2,1,1,1,2,3,2,1,3,1,7,2,2,0,2
31,5,6,1,2,2,8,1,1,2,2,4,2,1,3,1,1,1,2,2,3,3,3,3,3,8,6,5,6,0
31,3,1,2,2,2,5,2,1,3,2,1,1,1,2,1,1,3,1,3,2,2,2,4,3,3,10,0,0,1
38,3,6,1,1,2,4,1,1,4,3,3,3,3,4,4,2,3,3,2,4,4,4,3,1,9,4,9,7,2
17,3,4,2,1,2,6,1,1,4,1,1,1,1,4,4,2,4,3,3,2,3,2,1,2,7,9,2,8,1
25,6,2,2,2,2,8,2,1,1,3,4,2,1,1,1,1,1,1,2,3,1,1,4,2,10,3,1,4,2
20,3,2,2,1,1,7,2,1,2,1,1,1,1,1,2,1,1,1,4,1,1,2,3,2,0,0,0,1,0
15,3,2,1,2,2,8,2,2,1,1,4,1,1,3,1,1,1,1,1,2,2,3,1,2,9,6,1,7,0
16,3,4,1,2,1,14,1,2,2,2,4,2,1,2,2,1,1,4,2,3,1,2,2,4,7,1,3,5,2
20,3,2,1,1,2,8,2,1,3,1,4,1,1,3,1,3,1,1,1,3,1,1,3,3,9,7,5,7,2
23,7,6,1,2,2,13,1,1,1,1,3,3,1,2,1,3,3,1,1,4,4,3,2,1,3,1,2,7,2
22,3,3,1,2,2,2,1,1,2,1,3,2,1,4,2,1,3,2,3,4,3,4,3,2,6,6,8,0,2
15,0,5,1,2,2,5,1,1,2,1,4,2,1,1,1,1,1,3,2,4,1,1,4,3,10,6,0,4,2
17,0,0.5,1,1,2,10,2,1,2,3,3,1,1,1,2,1,1,1,2,3,2,2,3,4,6,3,1,1,2
22,5,1,1,2,2,10,1,1,2,1,2,3,1,2,1,1,1,3,1,2,1,1,2,4,3,3,0,7,0
21,3,10,1,2,2,7,1,1,1,2,2,1,1,4,1,2,1,1,4,3,3,4,4,3,9,10,2,2,0
19,3,2,1,2,2,4,2,1,2,1,3,2,1,2,3,3,3,3,1,4,4,3,4,4,7,5,0,2,0
32,6,0.5,2,2,2,6,1,2,4,1,3,2,1,1,2,1,1,1,3,2,1,1,4,2,3,0,4,4,0
34,5,1,2,2,2,5,2,1,2,1,1,3,1,2,1,1,2,1,1,2,1,3,4,1,9,9,6,4,2
18,0,2,1,1,2,7,1,1,3,1,2,1,1,1,1,1,1,1,4,2,1,2,4,3,5,7,7,2,2
21,3,3,1,2,2,3,1,2,2,4,1,3,2,2,1,1,1,1,2,3,1,1,4,3,0,8,0,5,2
20,3,3,2,2,2,3,1,1,2,4,2,3,1,3,2,3,1,1,1,4,4,2,3,1,8,4,3,4,2
19,3,2,1,2,2,3,1,2,2,4,2,3,2,1,1,1,2,2,3,2,1,1,3,1,7,2,0,7,0
25,0,1,2,2,2,4,2,1,2,1,1,2,1,2,2,1,1,2,2,4,2,2,4,4,9,9,6,9,0
31,3,8,1,1,2,6,1,1,4,1,2,2,1,1,3,1,1,1,1,1,1,1,2,2,5,7,5,4,2
21,3,1,1,1,2,4,1,1,4,2,2,3,1,2,1,3,1,2,4,4,3,4,3,4,5,1,0,0,2
31,5,1,2,2,1,9,1,1,4,1,1,3,1,2,1,1,2,1,1,1,1,1,3,1,4,1,3,0,2
20,5,1,2,2,2,4,1,2,2,1,1,2,1,1,1,1,1,2,2,4,1,1,3,1,3,5,3,0,2
19,3,5,1,1,2,5,1,2,3,2,1,1,1,2,3,1,1,1,4,3,3,2,4,1,2,2,0,6,2
19,7,5,1,2,2,8,1,1,2,1,4,3,1,3,2,1,3,4,4,2,1,4,3,2,0,1,3,5,2
23,3,4,1,2,2,7,1,1,2,3,3,1,1,3,1,2,1,3,4,4,4,4,4,2,7,8,6,2,2
24,0,8,1,2,1,10,1,2,3,2,4,2,2,4,4,2,2,4,4,2,2,3,4,4,6,4,8,8,2
20,7,0.7,2,2,2,5,2,2,2,1,1,1,1,1,1,1,1,3,2,4,2,1,4,2,5,6,8,2,2
15,3,3,2,2,2,10,2,2,2,2,3,2,2,3,2,1,1,4,2,4,1,1,4,4,6,6,2,6,0
17,3,7,1,2,2,2,2,1,1,1,2,1,2,4,1,1,1,2,2,2,2,4,2,2,8,9,3,4,2
20,0,1.5,2,1,1,10,2,1,4,1,1,2,2,1,1,1,3,1,1,1,1,1,1,4,8,4,3,3,1
14,3,4,1,1,1,10,1,1,3,1,3,2,1,2,3,3,1,4,1,3,2,2,1,4,8,6,5,7,2
24,3,4,1,2,2,7,1,1,3,2,1,2,2,2,1,1,1,1,4,3,2,2,4,1,8,8,7,7,2
14,7,10,1,2,1,10,2,2,2,1,3,1,1,3,2,1,1,4,3,1,1,3,2,4,5,2,5,0,2
23,3,2,1,1,1,5,1,2,4,1,2,2,1,3,3,1,2,2,2,3,3,3,4,3,6,8,4,2,0
28,6,2,1,2,2,5,2,2,2,1,1,2,1,1,3,2,1,3,2,3,2,1,4,2,7,5,2,1,0
22,3,6,1,2,2,11,1,1,3,2,4,2,2,2,4,3,1,3,3,3,3,2,4,3,8,8,7,1,2
25,3,0.5,1,1,2,5,1,1,2,1,4,1,1,2,1,2,1,1,2,3,2,2,4,3,10,2,0,0,2
27,3,2,1,1,1,4,1,1,3,2,4,1,1,3,4,4,3,3,3,4,4,2,3,3,8,7,7,5,2
18,3,5,1,2,2,5,1,1,2,1,2,2,1,2,1,2,1,2,3,4,2,3,4,4,8,8,8,6,2
17,6,3,1,1,1,4,1,2,2,2,1,3,1,3,4,1,2,1,3,4,4,4,4,1,8,10,9,2,2
23,7,4.5,1,2,2,5,2,1,3,2,1,3,2,3,2,2,1,2,3,3,2,3,4,3,6,1,8,4,0
40,7,3,1,2,2,5,1,1,3,1,1,1,1,1,2,1,1,2,3,3,2,1,3,1,0,4,4,0,2
27,3,20,1,2,2,5,1,1,3,2,3,2,1,2,1,3,2,3,4,2,1,2,4,3,8,10,10,8,0
18,3,1,2,2,2,4,1,2,2,2,1,2,2,3,1,1,1,1,1,4,2,3,3,2,3,2,0,1,0
16,3,2.5,2,1,1,7,1,2,1,1,1,1,1,1,2,1,1,2,4,1,1,2,4,3,5,3,3,1,2
18,3,1,2,2,2,5,1,1,3,2,1,3,1,3,1,1,1,1,3,3,2,2,4,2,8,9,6,1,2
23,3,2,2,1,2,11,2,1,2,2,2,2,2,2,2,2,2,2,2,2,2,2,2,2,10,3,0,10,0
15,0,5,1,1,2,7,1,2,1,1,2,1,1,1,1,1,1,1,4,2,1,2,3,1,6,7,8,2,2
20,6,3,1,1,2,7,1,2,3,2,1,1,1,2,3,1,1,2,4,2,1,2,4,3,7,4,7,0,2
16,3,3,1,1,2,5,1,2,1,2,1,2,1,1,1,1,3,1,2,2,2,2,4,2,9,8,6,2,2
16,3,0.5,2,2,2,5,2,1,3,1,2,1,1,2,2,1,1,1,1,3,1,1,4,3,8,0,0,0,2
20,6,8,1,1,1,3,1,2,1,4,1,3,1,2,1,1,1,1,1,2,2,2,3,1,8,9,2,5,0
33,3,2,1,2,2,7,1,1,2,2,1,2,1,3,1,1,1,1,4,1,1,3,3,3,7,2,3,0,2
22,3,3,1,1,1,5,1,1,1,4,2,3,1,2,3,1,4,1,2,3,4,3,4,1,10,10,4,0,2
21,3,3,1,2,2,2,1,1,1,1,2,1,1,4,2,1,1,3,1,4,4,4,4,1,8,8,3,3,2
21,6,5,1,1,2,7,1,1,2,1,3,1,1,4,3,1,1,3,4,2,3,4,3,3,8,7,7,4,2
29,6,1.5,1,2,1,5,1,1,2,1,3,1,1,2,2,1,1,1,2,4,4,4,4,1,8,7,1,2,2
56,0,1,1,2,2,4,2,2,1,2,1,2,1,1,1,1,1,1,1,3,3,1,3,1,6,5,10,2,0
17,3,2,1,1,2,4,1,2,3,1,1,1,1,2,2,1,1,2,1,4,2,2,1,2,7,6,0,4,2
22,3,1,1,2,2,4,2,2,2,2,3,1,1,1,2,1,1,1,1,4,1,1,2,2,7,4,0,0,2
26,3,4,1,2,2,4,1,1,3,3,2,2,1,3,1,2,1,2,1,4,2,2,4,2,8,7,2,10,0
30,3,1,1,2,2,8,1,1,1,1,4,1,1,3,1,1,1,1,2,1,1,3,1,1,4,4,4,0,2
49,3,2,1,2,2,9,1,2,2,2,3,4,1,3,2,1,1,3,2,3,3,3,2,2,0,0,2,0,0
22,3,2,1,1,1,8,1,1,2,3,4,3,2,3,3,2,2,3,4,3,3,4,3,4,6,4,0,1,2
32,3,2,2,2,2,5,1,2,1,2,3,2,1,3,1,1,1,3,2,3,3,3,3,1,4,7,0,0,2
32,0,1,2,2,2,5,2,2,2,3,1,3,1,1,1,1,2,1,3,4,2,1,4,1,8,4,3,0,0
22,5,6,1,2,2,3,1,2,1,4,1,2,1,3,1,1,2,1,3,1,1,3,4,2,5,5,3,3,2
17,3,2,1,2,2,5,1,1,1,2,3,3,2,2,3,2,2,2,4,4,3,3,4,3,0,8,0,0,2
21,3,4,1,1,2,5,1,2,2,1,1,2,1,1,1,1,1,1,2,4,2,1,4,1,7,4,6,1,2
17,3,1.5,1,2,2,5,1,1,4,1,2,2,1,1,1,1,4,2,2,3,3,2,4,2,8,7,7,3,0
25,3,3,1,2,2,7,2,2,3,3,2,2,1,1,1,1,1,1,4,3,3,1,4,3,9,8,6,2,2
15,3,4,1,2,1,5,1,2,1,1,2,1,1,2,1,3,1,4,3,4,3,2,4,1,8,6,4,0,2
13,3,10,1,2,2,13,1,2,1,1,2,1,1,3,1,1,1,3,1,2,2,4,1,2,7,2,0,8,2
38,3,3,1,2,2,5,2,1,4,2,1,2,1,1,3,1,2,1,4,3,2,1,4,1,6,7,7,7,0
23,6,3,2,2,2,5,1,2,2,1,3,3,1,2,1,1,1,2,2,3,1,1,4,3,7,6,4,2,2
17,3,3,1,2,2,4,1,1,3,3,3,2,2,4,2,4,1,4,1,4,4,4,4,2,1,1,1,0,2
59,5,2,1,2,2,4,1,2,2,1,4,2,1,2,3,2,2,2,1,4,4,2,3,1,1,1,3,0,2
22,3,2,1,1,1,4,1,2,2,2,1,2,2,3,3,1,2,2,1,4,4,3,3,2,2,7,1,2,2
17,6,3,1,2,2,4,1,1,3,2,1,1,1,4,3,4,2,1,1,4,2,4,3,2,6,2,3,1,0
27,3,2,2,2,2,4,2,2,1,1,1,1,1,1,1,1,1,1,2,4,1,3,3,2,7,7,3,2,0
23,3,5,1,1,2,10,2,2,3,1,3,1,1,2,2,2,1,3,2,3,2,3,3,3,8,7,0,3,0
15,3,6,1,2,2,5,2,2,2,1,3,2,1,3,2,1,1,2,2,3,3,1,4,3,8,3,5,2,2
22,3,3,1,1,1,8,1,2,2,2,4,3,2,3,2,1,1,2,3,3,3,3,4,4,5,4,2,0,2
23,3,5,1,2,2,14,1,1,4,2,3,3,2,2,3,2,2,4,2,4,4,2,4,4,7,10,10,1,2
19,3,5,1,2,2,3,1,1,2,4,1,4,3,2,3,1,4,2,1,3,3,2,3,1,7,6,8,4,2
32,3,6,1,2,2,5,2,2,1,2,3,1,1,2,2,1,1,1,1,3,2,2,4,2,8,7,0,9,2
40,3,6,1,2,2,5,1,1,3,3,3,3,2,3,3,1,3,3,2,3,3,3,4,2,10,7,3,3,0
21,3,3,1,2,2,3,1,2,1,4,2,3,2,3,1,1,1,1,2,3,2,3,3,1,6,5,5,3,2
21,3,10,1,2,2,5,1,1,2,1,4,3,1,2,2,2,2,3,3,4,3,2,4,4,8,7,6,8,0
23,3,2,1,2,2,10,1,1,3,1,4,1,1,2,2,3,1,3,1,4,2,3,3,4,10,7,7,3,1
21,5,2,1,2,2,8,2,1,2,2,4,2,2,2,1,1,1,3,2,3,2,2,3,4,10,10,5,7,
35,3,3,2,1,2,9,1,2,3,3,1,3,1,1,2,1,1,2,1,2,1,1,3,3,8,2,2,8,0
18,3,1.5,2,2,2,2,2,2,1,1,1,1,1,3,3,1,1,3,1,4,1,3,3,1,3,7,4,0,2
21,0,10,1,2,2,4,1,2,1,2,1,1,1,2,1,1,1,1,1,3,2,1,3,1,9,7,5,5,2
22,0,2,1,2,2,10,2,1,1,1,2,1,1,3,2,1,2,1,1,4,1,2,3,4,5,3,0,0,2
23,3,3,1,1,1,5,1,1,2,2,1,4,1,3,3,1,1,1,4,4,4,3,4,1,10,7,0,10,2
13,3,2.5,1,2,2,9,2,2,1,3,1,4,1,1,1,1,1,1,1,4,1,1,1,1,8,0,0,3,2
19,3,3,1,2,2,12,1,1,3,2,2,3,1,2,1,4,1,3,1,4,4,4,4,1,6,0,3,0,2
33,5,0.5,1,1,2,5,2,2,3,1,2,1,1,1,2,1,1,2,3,2,1,1,3,2,7,9,4,6,2
18,3,16,1,2,1,11,1,1,3,3,3,3,3,4,4,4,4,4,4,4,4,4,4,2,3,2,5,6,2
17,5,6,1,1,2,6,1,1,4,2,1,1,1,2,3,2,1,3,1,4,1,1,1,2,4,2,0,0,2
16,3,3,1,2,2,8,1,1,2,1,4,1,1,4,3,4,1,2,3,4,2,4,4,4,4,2,0,0,2
18,5,0.5,2,2,2,5,1,2,2,1,1,3,1,1,1,1,1,1,1,3,2,1,4,1,5,3,1,0,0
19,3,5,1,2,2,12,1,1,2,3,3,1,1,2,2,4,2,1,1,4,4,2,2,2,4,2,2,1,2
15,5,2,2,1,2,13,1,1,4,3,1,4,3,4,3,3,1,4,3,2,4,4,3,4,4,0,6,5,0
17,3,2,1,2,2,4,1,1,1,1,1,1,1,2,1,2,1,1,4,4,1,4,4,4,7,6,3,1,2
25,3,2,1,2,2,14,1,1,3,2,3,2,1,4,4,2,3,4,1,3,2,3,4,3,7,8,6,2,2
24,7,1.5,1,2,2,10,2,1,3,2,4,2,3,3,3,4,2,4,4,4,3,3,4,4,3,4,1,1,2
23,3,1,1,1,2,11,1,2,2,2,4,1,2,1,4,2,2,1,3,2,3,1,4,3,9,7,2,1,2
16,3,10,1,1,2,8,1,1,2,2,4,3,1,2,3,2,1,2,2,4,3,3,3,3,10,9,3,2,2
25,5,2,1,2,2,7,1,1,2,2,2,2,3,2,3,1,2,2,4,3,2,2,4,3,9,9,7,3,2
16,3,15,1,1,1,8,1,2,2,1,4,1,1,2,2,1,1,2,3,3,1,4,4,3,8,10,9,2,2
20,0,0.5,2,2,2,7,1,1,3,2,3,1,1,3,3,1,1,3,3,2,2,2,3,3,8,9,6,4,2
17,3,3,1,2,2,7,1,2,1,2,2,1,3,3,1,1,1,1,4,1,2,3,4,1,5,6,9,9,2
29,0,2,1,2,2,7,1,2,1,1,1,1,1,1,1,1,1,1,4,3,1,1,4,1,9,3,7,2,2
20,3,4,1,2,2,2,1,2,1,2,4,2,1,4,1,1,1,1,1,3,3,4,3,1,3,2,1,6,2
16,3,2,1,2,2,9,1,2,1,1,1,4,1,2,1,1,1,1,3,4,1,2,3,1,7,7,4,0,2
21,3,1,1,2,2,5,1,2,2,3,3,3,1,3,2,2,2,2,2,4,1,3,4,4,7,9,1,2,2
16,3,24,1,2,2,5,1,1,1,1,2,1,1,1,1,2,2,2,2,2,2,2,3,2,5,1,9,1,2
43,3,1,1,2,2,4,1,2,3,1,1,3,2,3,2,1,1,2,1,4,2,2,3,1,3,3,0,0,2
32,4,2,1,1,2,6,1,2,4,3,2,4,3,3,3,2,3,2,4,4,3,2,4,4,8,7,5,4,2
10,5,2,1,1,2,4,1,1,4,1,2,1,1,2,2,4,1,2,1,4,1,2,1,4,8,2,1,1,2
27,3,3,1,2,2,7,1,1,2,2,3,1,1,3,1,3,2,3,4,3,2,4,4,4,4,0,0,0,2
24,3,3,1,1,2,6,2,1,4,1,1,1,2,2,1,1,3,2,3,2,1,2,1,1,9,6,1,1,2
18,3,2,1,2,2,2,1,1,2,1,2,1,2,4,2,4,3,1,1,3,4,4,1,1,10,7,2,0,2
17,6,7,1,2,2,5,2,2,1,1,1,1,1,1,1,1,1,3,1,4,1,1,4,3,8,7,7,4,2
19,3,6,1,2,2,7,1,2,3,1,1,1,1,1,1,1,1,1,4,2,1,1,4,3,1,0,0,0,2
16,5,3,1,2,2,5,1,1,3,1,3,1,1,2,2,2,1,2,3,3,3,3,4,3,5,7,1,4,2
64,7,5,1,2,1,5,1,2,3,2,1,2,3,3,4,3,1,2,3,2,3,2,4,1,7,6,9,2,2
33,6,4,1,1,1,14,1,1,3,2,2,3,1,3,3,2,2,4,4,3,2,3,3,3,8,8,2,2,2
32,0,3,1,1,2,5,2,1,4,3,3,3,1,1,4,2,2,1,4,2,1,2,4,2,2,2,8,0,0
15,4,2,1,1,2,4,1,2,2,3,1,1,1,1,1,2,4,1,1,4,3,3,1,1,6,0,0,2,2
27,5,3,1,2,2,7,1,1,4,4,1,2,1,2,1,1,1,1,4,3,1,2,4,2,2,0,1,0,2
20,0,2,1,2,2,5,1,2,2,2,1,3,1,1,2,1,1,1,2,3,2,1,4,3,6,2,6,7,0
23,0,2,1,2,2,4,1,1,2,4,1,2,4,4,3,2,1,2,1,4,4,4,4,3,6,1,0,5,2
19,6,3,2,1,2,6,1,2,4,2,1,2,2,3,2,1,1,1,2,3,1,1,4,3,7,6,4,0,2
12,5,2,1,1,1,6,2,2,4,1,1,1,1,1,1,1,1,2,1,2,1,1,1,1,0,0,3,0,2
16,7,3,1,1,1,6,2,2,4,2,1,1,2,1,1,1,1,1,1,4,1,1,1,2,9,7,10,6,0
17,7,0,2,2,2,10,2,1,1,1,1,1,1,1,1,1,1,4,1,1,1,1,1,4,10,0,0,0,0
14,3,1,1,1,2,4,1,2,2,2,4,2,2,3,3,3,2,3,2,4,3,3,3,3,6,6,3,0,2
32,3,2,1,2,2,7,1,2,2,2,4,2,2,2,2,2,1,3,4,3,2,2,3,4,4,3,1,6,2
20,3,2,1,1,2,4,2,1,1,1,1,1,1,2,1,1,1,1,1,1,1,2,2,2,6,2,2,1,0
54,0,6,1,2,2,6,2,2,4,3,1,1,1,3,2,2,2,1,2,3,3,2,2,1,2,2,3,2,2
18,3,5,1,2,2,12,1,1,1,2,2,1,1,2,2,4,2,2,1,4,2,3,3,1,7,4,5,6,2
14,3,2,1,1,2,6,1,2,4,1,1,1,1,2,1,1,1,2,3,3,1,2,4,2,7,5,3,2,2
13,7,4,1,1,1,6,1,2,4,1,3,2,1,1,2,2,1,1,2,4,1,1,3,3,8,5,10,3,2
19,6,8,1,2,1,3,1,2,1,4,1,2,1,1,1,1,1,1,2,2,1,2,3,2,7,5,6,5,2
14,3,4,1,1,2,6,1,2,4,1,2,1,1,3,3,2,2,2,3,3,3,3,3,2,6,8,8,2,2
14,5,1.5,2,1,2,6,1,,4,1,1,1,2,1,3,1,1,1,1,1,1,1,2,3,1,2,4,3,2
18,6,2,1,1,2,13,1,1,4,1,3,1,1,4,3,2,4,3,2,3,3,4,2,3,3,2,0,2,2
15,3,5,1,2,2,9,1,1,2,3,1,4,2,3,1,1,1,3,1,1,1,3,2,2,6,7,7,4,2
24,5,6,1,1,2,6,2,2,4,1,3,1,1,1,1,4,1,1,1,1,1,1,2,1,6,7,2,0,0
17,6,2,1,2,2,4,2,1,2,1,1,1,1,2,2,1,1,3,2,4,4,1,1,3,9,8,4,8,2
44,3,2,2,2,2,5,1,2,3,3,3,3,2,3,2,2,1,1,3,3,3,3,4,1,7,7,2,1,2
23,3,1,2,1,2,5,1,2,3,1,1,1,1,1,2,1,1,2,3,1,1,1,4,1,1,0,1,0,2
21,6,1,2,2,2,13,2,2,2,2,1,1,1,3,2,1,1,2,2,3,3,3,2,1,4,3,4,5,2
57,7,2,2,2,2,15,1,2,2,3,1,1,2,3,3,1,1,1,1,3,3,3,2,1,2,0,0,0,2
23,3,2,1,1,2,5,1,1,2,2,1,4,1,2,1,1,1,4,4,4,1,3,4,4,0,5,7,0,0
18,3,1,1,1,2,4,2,1,3,2,1,1,2,1,2,1,3,2,1,4,1,1,1,4,8,7,7,0,2
26,3,14,1,2,2,2,1,1,3,3,2,4,1,4,4,2,2,4,2,3,4,4,4,2,5,10,8,0,0
13,5,3,1,,1,6,2,2,4,1,1,1,1,1,1,1,1,1,1,1,1,1,1,1,8,7,9,2,2
15,3,3,1,1,1,6,1,2,4,1,1,1,1,1,1,2,1,3,1,3,1,1,1,3,9,6,8,5,2
57,5,2,1,1,1,5,1,2,1,1,1,1,1,2,3,1,2,2,3,3,3,2,4,1,2,2,7,0,0
12,3,0.5,1,1,1,6,1,1,4,1,1,1,1,1,2,1,1,2,1,3,1,1,1,1,7,8,6,2,2
26,3,6,1,2,2,8,2,1,1,1,4,1,1,1,1,1,1,1,1,2,2,2,1,2,10,10,8,2,0
17,3,1,1,1,2,3,2,2,1,4,1,2,2,1,2,1,1,1,2,2,2,1,3,2,8,5,2,3,2
17,3,2,1,1,2,6,1,1,4,1,2,1,1,1,1,2,1,2,2,3,2,1,3,3,7,8,2,5,2
69,4,4,1,1,1,6,1,1,4,3,1,3,3,2,4,2,2,2,1,3,3,1,4,1,1,1,2,0,2
17,3,3,1,1,1,15,1,1,4,1,2,1,3,4,4,4,3,1,2,4,4,4,3,1,9,10,10,3,0
32,3,12,1,1,1,11,1,1,1,1,3,2,1,3,4,2,1,3,1,2,3,2,1,1,9,4,4,4,2
22,5,3,2,1,2,6,1,2,4,1,1,1,1,1,3,1,1,1,1,2,1,1,2,1,8,2,4,0,0
38,3,1,2,2,2,7,1,1,2,1,1,3,1,1,2,1,1,1,4,1,1,1,3,2,1,1,5,1,2
18,5,10,1,2,2,8,1,2,1,1,4,3,1,3,1,1,1,3,1,4,4,4,1,1,10,9,9,8,2
14,3,5,1,1,2,6,1,1,4,2,2,2,2,2,2,3,2,3,1,3,3,2,2,4,3,0,2,3,2
14,7,0.5,1,1,2,10,1,1,4,1,1,2,1,1,2,3,2,1,1,4,1,1,1,4,4,0,4,0,2
19,3,5,1,1,1,7,1,1,2,2,2,2,1,2,2,1,2,3,4,3,2,2,4,3,2,3,5,2,2
20,5,3,1,1,1,6,1,2,4,3,2,3,2,2,4,2,2,1,2,3,3,2,2,2,2,3,3,0,2
18,3,2,2,2,2,5,1,2,1,4,1,2,2,2,2,1,1,1,3,4,1,3,3,3,8,4,3,0,2
30,3,13,,2,2,12,1,1,3,1,2,3,1,3,3,4,4,2,2,4,4,3,4,3,10,10,10,7,2
31,0,4,1,1,2,6,1,1,4,2,1,2,2,1,3,1,1,2,2,1,1,1,3,3,8,8,9,3,2
72,3,6,1,1,1,5,2,2,1,3,1,1,1,1,4,1,3,1,1,2,4,1,4,1,0,1,0,2,2
73,4,3,1,2,2,15,1,1,3,4,2,3,4,3,3,2,4,1,2,3,4,3,3,1,5,4,0,1,2
16,3,4,1,2,2,4,1,1,2,2,3,3,2,4,2,3,2,3,2,4,2,2,2,2,7.5,5,7,8.5,2
19,5,3,2,1,2,13,1,1,2,1,3,1,1,3,2,1,1,2,1,3,2,4,3,3,3,3,0,0,2
16,3,2,1,1,2,6,2,2,4,2,1,2,1,2,2,1,1,2,1,4,1,1,2,2,7,5,3,1,2
12,3,2,1,1,1,6,1,1,4,2,1,1,2,3,2,2,1,1,1,3,1,2,3,1,8,0,1,6,2
39,3,1,1,2,2,2,1,1,1,2,2,3,1,4,2,2,2,3,3,4,3,4,4,1,6,4,1,1,2
15,3,6,1,1,2,12,1,1,3,1,2,3,1,2,3,4,3,3,2,4,3,2,4,1,8,8,7,10,0
14,3,9,1,2,2,15,1,1,4,2,2,2,2,3,2,4,2,3,2,4,4,4,2,2,10,8,9,5,2
21,3,1,2,2,2,3,2,2,1,4,1,1,1,1,1,1,1,1,1,1,1,1,1,1,3,0,2,0,2
38,6,1,1,2,2,10,2,2,2,1,1,1,1,2,3,2,2,1,2,3,2,2,2,4,5,5,7,1,1
23,3,0.5,2,2,1,2,1,1,3,3,2,2,2,4,2,4,2,3,2,3,3,4,2,3,7,7,6,5,2
16,7,1,2,2,2,8,1,2,1,1,4,1,1,3,2,1,1,3,3,2,2,2,3,3,7,4,6,3,2
21,6,1.5,1,1,2,9,2,2,1,3,1,4,1,1,1,1,1,1,1,1,1,1,3,1,3,3,1,0,
13,3,6,1,2,2,13,1,2,1,1,1,1,1,4,1,2,1,2,1,2,1,4,1,1,4,0,0,2,1
16,3,4,1,2,2,5,1,2,2,3,3,3,1,3,2,3,1,4,4,4,1,1,4,3,3,0,6,9,2
18,3,6,1,2,1,5,1,2,3,2,2,4,1,3,1,3,1,4,4,3,2,3,4,4,5,1,6,0,2
21,3,4,1,2,2,7,1,1,1,1,4,1,1,1,1,1,1,2,3,1,1,1,4,4,10,6,8,0,2
17,3,1.5,1,2,2,6,1,1,4,2,1,2,1,1,3,1,1,3,1,4,2,1,1,1,7,5,1,2,0
24,6,2,1,2,2,5,1,1,2,3,1,4,1,3,3,1,2,3,1,2,2,3,4,1,7,7,0,4,0
14,6,2,1,2,2,4,1,2,2,1,1,3,1,3,1,2,4,2,2,4,3,3,2,1,6,0,0,0,2
25,3,4,1,2,2,5,1,1,3,2,2,4,2,3,3,2,2,3,3,3,2,3,4,4,6,2,3,2,2
22,3,3,1,2,2,14,1,1,2,4,3,2,2,2,2,2,2,4,2,2,2,2,2,2,7,6,7,9,2
20,0,4,1,2,2,5,1,1,2,1,3,1,1,2,1,4,2,2,3,4,2,2,4,2,5,7,7,0,0
23,3,2,1,2,2,4,2,2,3,2,2,3,1,4,3,1,1,1,1,4,4,4,3,3,7,6,4,3,2
61,4,2,1,2,2,5,1,2,1,1,1,2,1,1,1,2,1,1,3,3,2,1,3,1,2,2,2,0,2
24,3,6,1,2,2,10,2,1,3,1,3,4,1,1,1,2,1,2,3,2,1,1,4,4,9,5,0,7,2
34,3,0,2,1,2,5,2,1,2,2,1,3,1,1,1,1,1,1,2,1,1,1,4,1,3,7,8,0,1
49,3,1,2,2,2,4,1,2,3,1,1,1,1,4,2,1,1,4,1,4,4,4,3,1,4,5,9,1,2
33,0,4,1,1,2,5,1,1,2,3,2,2,2,2,2,1,1,4,2,3,2,2,4,4,1,0,7,0,2
22,0,2,2,1,1,7,2,2,1,1,2,1,1,1,1,1,1,1,4,2,2,1,4,4,3,2,0,2,0
38,3,3,1,2,2,7,1,1,2,1,1,1,1,1,1,1,1,1,4,1,1,2,3,1,1,6,1,2,2
23,5,4,2,2,2,2,1,2,2,2,1,2,1,4,2,1,1,3,2,4,3,3,3,2,8,10,4,0,0
34,0,2,2,2,2,10,2,1,2,2,2,1,1,3,2,2,1,2,2,1,1,3,2,4,8,10,10,0,0
40,7,3,1,2,2,7,1,1,1,1,1,1,1,1,3,1,3,1,4,2,2,1,3,1,3,0,8,1,0
27,3,1,2,2,2,2,1,2,3,1,2,1,1,4,2,1,1,2,1,3,4,4,1,1,3,4,1,0,2
54,5,10,1,2,2,5,1,2,3,3,1,2,1,1,2,1,1,1,2,2,3,1,3,1,2,1,2,2,2
16,3,10,2,2,2,5,1,2,2,4,1,4,2,2,3,1,1,1,4,3,2,2,4,1,0,0,0,0,0
23,0,10,1,2,2,10,2,1,2,1,3,3,1,2,1,3,1,3,2,3,1,2,3,4,8,8,5,0,2
35,3,4,2,2,2,3,1,2,1,4,1,2,1,1,1,1,1,1,3,3,1,1,3,2,1,1,1,0,0
22,5,4,1,2,2,9,1,1,2,3,4,4,1,3,3,1,2,3,4,4,3,3,4,3,8,7,6,2,2
41,3,3,2,2,2,7,1,1,4,2,1,2,1,1,1,3,1,1,4,2,1,2,3,4,6,5,4,0,0
63,3,2,1,2,2,5,1,2,4,3,2,4,1,2,3,1,2,1,1,1,2,1,4,1,5,4,6,2,2
28,3,1,2,1,2,5,1,2,2,2,1,2,1,2,1,1,1,3,2,3,1,2,3,1,3,1,0,2,0
22,3,6,1,1,2,3,1,2,2,4,3,4,2,3,3,1,2,3,3,3,2,3,4,3,4,8,2,2,2
58,5,1,1,2,2,5,1,2,2,3,2,3,3,3,3,1,2,2,3,2,3,3,3,1,5,6,3,1,2
58,5,1,1,1,1,6,1,2,3,2,1,2,3,2,3,2,2,1,1,2,1,1,1,1,0,0,2,1,2
67,7,4,1,2,2,5,2,2,1,3,1,1,1,1,3,1,1,1,2,1,2,1,4,1,7,6,7,4,2
70,0,2,1,2,2,3,2,2,3,4,1,1,1,1,1,1,1,1,1,1,1,1,1,1,8,5,6,1,2
60,5,2,1,2,2,5,2,1,3,3,1,3,2,1,2,1,2,1,2,3,3,2,4,2,4,4,2,0,2
15,3,2,1,1,1,4,1,2,2,2,3,1,3,2,3,3,1,1,1,4,3,1,3,4,9,8,10,9,2
18,5,6,1,2,2,8,1,1,4,2,4,2,3,4,3,1,3,4,3,4,4,4,3,4,5,5,7,0,2
58,7,3,1,2,2,2,1,1,3,1,3,2,3,4,4,1,3,4,1,2,4,3,3,1,4,6,8,1,2
28,7,1,1,2,2,14,1,1,3,2,2,2,2,3,3,2,3,4,2,3,3,2,3,3,4,8,5,0,2
22,3,4,1,1,2,14,1,2,2,2,1,3,1,2,3,1,1,4,2,3,2,2,4,1,9,10,6,7,2
49,5,0.5,2,2,2,6,2,2,4,3,2,3,4,3,3,2,2,1,2,3,3,3,2,2,3,2,2,2,2
20,5,8,1,2,2,5,1,1,1,2,2,3,1,1,2,1,1,2,3,2,3,1,4,3,6,2,2,1,2
55,5,15,1,2,2,5,2,2,2,1,1,4,1,1,3,1,2,1,1,2,1,1,4,1,2,0,3,0,0
48,3,1.5,1,1,2,7,2,2,2,1,2,1,1,1,2,1,1,1,3,1,2,1,2,2,10,8,0,4,2
14,3,2,1,1,2,12,1,1,3,1,2,1,1,3,3,4,1,3,1,2,2,2,1,2,4,4,2,2,2
18,3,3,1,1,2,4,1,1,3,1,3,2,1,4,3,4,4,3,2,4,4,4,3,3,7,8,6,2,2
25,3,1,1,2,2,4,1,1,4,2,2,2,1,3,3,1,1,2,4,4,2,3,3,3,7,6,5,5,2
71,0,0.25,1,2,2,16,2,1,3,2,1,2,3,1,1,1,3,1,1,2,2,1,2,1,1,0,0,0,2
60,5,1,2,1,1,16,2,2,3,2,1,1,4,2,1,1,1,1,1,1,1,2,2,1,6,2,8,0,2
18,0,1,1,2,1,10,2,2,2,2,3,3,1,2,3,1,1,1,3,1,2,3,3,4,4,5,7,0,0
19,3,5,1,2,2,2,2,1,2,4,3,2,2,4,1,2,4,1,2,3,3,4,2,3,10,7,0,0,2
74,0,1,2,2,2,4,2,2,2,4,1,3,3,1,2,1,3,1,1,4,3,1,3,1,4,2,1,0,2
36,4,1,1,2,2,2,2,2,3,1,1,1,1,4,1,1,1,1,1,4,3,3,3,1,7,6,2,3,2
14,3,7,1,2,2,14,1,1,1,1,1,1,1,3,1,1,1,4,1,4,1,3,1,2,3,2,8,0,2
20,3,3,2,1,1,2,1,1,4,2,2,3,1,4,3,1,3,2,2,3,3,4,4,2,10,7,4,3,2
15,3,3,1,2,2,12,1,1,2,1,2,1,1,4,3,4,1,1,1,2,3,4,3,4,4,0,0,0,0
19,0,7,1,2,2,5,2,2,3,2,1,2,1,1,3,1,1,1,2,1,1,1,4,3,7,7,0,0,2
29,3,8,1,2,2,8,2,1,2,3,4,3,1,3,2,1,1,2,3,1,1,4,4,4,6,7,4,1,2
24,3,2,1,2,2,7,1,2,1,2,4,3,4,1,1,1,1,2,4,2,1,1,3,2,7,6,2,7,2
18,6,2,1,2,2,4,1,1,2,2,2,2,2,4,2,2,3,2,3,4,4,4,4,1,6,5,8,0,2
21,3,2,1,2,2,5,1,1,3,1,1,3,1,2,2,2,1,2,1,4,2,2,4,2,10,10,2,3,2
19,3,2,1,2,2,12,1,1,2,1,2,1,1,3,3,4,1,3,1,3,4,2,3,3,7,6,5,1,2
25,3,4,2,2,2,10,1,1,3,1,1,2,2,1,1,2,4,1,1,4,3,1,1,4,3,0,0,0,2
28,3,8,1,2,2,5,1,1,2,2,2,3,2,3,3,2,2,4,2,4,3,3,4,3,8,2,1,0,0
27,7,4,1,2,2,13,1,2,2,1,1,1,1,3,2,3,1,3,1,2,1,4,2,2,7,6,6,5,2
60,3,1,2,2,2,5,1,2,3,2,1,3,1,1,3,1,1,1,1,2,2,1,3,1,3,2,5,0,0
25,5,5,2,2,2,7,2,1,2,2,1,2,1,1,1,1,1,1,4,3,1,1,3,2,8,2,1,0,2
60,7,2,1,2,2,5,2,2,2,3,1,1,1,1,1,1,1,1,3,2,3,1,4,1,7,7,2,4,2
43,7,1,2,2,2,3,2,2,1,4,1,1,1,2,1,1,1,1,1,3,1,1,2,1,5,1,1,1,2
51,0,5,1,2,2,5,2,2,3,2,1,3,1,1,2,1,1,1,3,2,2,1,4,2,1,2,1,0,0
63,5,8,1,2,2,5,1,2,3,3,2,2,1,1,2,1,2,2,1,3,2,1,3,1,2,1,2,2,2
64,5,2,1,2,2,6,2,2,4,1,2,4,1,2,2,1,2,2,1,4,2,1,2,1,5,2,4,0,2
22,3,2,1,2,2,4,2,2,3,2,3,3,2,3,1,2,1,4,2,4,2,3,3,2,7,2,1,0,2
24,5,1,1,2,2,9,2,1,3,1,4,4,2,3,3,2,2,4,2,3,2,3,4,4,10,10,7,8,2
19,3,8,1,2,2,4,1,1,2,3,3,4,1,4,1,4,3,2,2,4,3,4,4,2,7,2,1,6,2
56,6,8,1,2,2,4,1,2,3,2,2,3,1,3,3,2,2,2,3,3,3,3,3,1,6,4,1,0,2
20,3,1,2,2,2,8,1,2,2,1,4,1,1,3,1,2,2,4,2,4,1,1,1,1,5,9,6,1,2
19,0,1,1,1,2,10,2,2,4,1,1,2,2,3,3,2,2,4,1,3,3,2,2,4,7,5,7,0,2
20,3,8,1,2,2,11,1,1,2,3,2,4,1,3,4,2,3,4,1,3,2,3,3,2,7,6,7,4,2
60,3,2,1,2,2,5,2,2,2,2,1,2,2,1,2,1,1,1,2,3,3,1,4,1,0,0,0,0,2
65,6,6,1,2,2,15,2,1,2,2,1,2,2,2,2,2,3,1,1,3,4,1,3,1,3,5,0,2,0
28,3,3,2,1,1,7,1,1,4,1,2,3,2,2,4,2,3,4,4,2,3,1,4,4,8,8,5,2,2
18,0,4,1,1,2,8,2,1,4,1,4,1,1,1,2,1,1,2,1,3,1,2,2,3,8,7,10,6,2
42,3,2,1,2,2,5,2,1,2,1,1,1,1,2,1,1,1,1,1,3,2,2,3,2,2,4,5,2,2
80,0,3,1,1,2,6,2,2,4,2,1,2,1,1,2,2,1,2,2,3,1,1,1,3,7,3,9,2,2
22,0,4,2,2,1,4,1,2,2,3,4,3,1,2,1,1,1,1,2,4,4,2,3,1,8,7,4,4,2
56,7,2,2,2,2,11,1,1,3,1,3,3,2,1,4,1,2,2,2,3,2,1,3,2,0,0,0,5,0
20,5,1,1,2,2,4,2,1,1,1,3,1,1,2,3,4,2,2,1,4,3,2,2,1,8,6,9,8,2
15,3,1,1,2,2,10,1,1,1,2,3,1,1,3,2,1,1,4,3,3,2,2,4,4,4,2,3,2,2
67,0,1,2,2,2,5,2,2,3,3,1,3,3,3,3,1,3,1,3,3,3,3,3,1,3,2,2,2,
57,3,2,1,1,2,16,2,2,3,1,1,2,4,1,3,1,2,1,1,3,3,1,2,1,6,4,10,0,2
22,6,7,1,2,2,4,1,1,1,1,3,2,1,4,1,4,3,1,1,4,4,4,3,2,8,8,10,0,2
17,3,5,1,2,2,4,1,1,1,1,3,1,1,3,1,4,2,2,1,4,4,3,2,2,5,5,5,5,2
19,3,3,1,2,2,5,2,2,1,4,1,2,3,1,1,1,1,1,2,4,1,3,4,3,10,8,6,2,0
50,0,1,2,2,2,5,2,2,3,3,1,1,1,4,3,2,2,1,2,4,3,3,4,1,0,0,7,0,2
24,3,6,1,1,1,5,1,1,1,2,3,4,1,2,2,3,1,2,4,3,1,2,4,3,8,8,10,0,2
67,6,2,2,2,2,5,1,2,3,1,1,1,1,2,1,1,1,1,3,3,1,1,3,1,8,2,0,0,0
18,7,3,1,1,1,7,1,2,3,3,1,2,2,2,1,1,1,1,4,1,2,2,2,1,7,8,4,10,2
20,3,1.5,1,2,2,3,2,2,2,4,3,1,1,3,3,3,2,1,1,3,1,3,3,1,0,2,0,1,2
15,3,4,1,1,2,4,1,2,1,2,1,1,3,2,2,2,2,3,2,4,3,3,4,3,3,5,4,0,2
17,3,2,1,1,2,4,1,1,2,1,1,2,1,3,1,4,2,1,1,4,1,3,1,1,5,2,3,1,2
32,5,2,1,2,2,9,1,2,1,1,3,3,1,3,3,1,2,3,1,3,3,3,3,3,6,1,0,0,2
18,3,2,2,2,2,13,1,1,2,1,1,1,1,4,2,1,1,1,2,3,2,4,2,4,6,3,4,2,2
18,3,1,1,1,1,5,1,2,3,1,3,1,1,2,2,1,1,2,4,3,1,2,4,2,5,6,8,2,2
18,3,3,1,2,2,12,1,1,3,1,1,1,1,3,1,4,1,2,1,3,4,2,3,2,8,4,7,5,2
19,3,3,1,2,2,4,1,2,1,1,4,1,1,4,2,2,2,2,2,4,3,4,2,3,1,1,2,3,2
18,3,2,2,1,2,5,1,2,1,1,1,1,1,2,1,1,1,1,3,3,2,2,4,1,8,3,1,3,2
17,7,6,1,2,1,13,1,2,2,1,2,1,3,4,3,1,1,3,1,3,3,4,2,1,3,3,0,0,2
34,3,3,1,2,2,6,2,1,4,1,1,1,1,1,2,1,1,2,3,2,1,1,3,3,0,0,0,0,0
18,5,3,1,2,2,4,2,2,2,2,3,2,1,4,2,2,1,2,2,4,2,4,2,3,5,4,2,0,0
18,3,2,1,2,2,15,1,2,1,1,1,1,3,4,2,1,2,2,1,3,4,4,2,1,2,4,0,0,2
22,0,2,1,2,2,10,2,2,3,2,2,1,4,2,3,2,2,2,1,2,1,1,1,4,4,6,0,2,2
18,3,2,1,2,1,4,1,2,3,2,3,1,1,2,3,2,1,3,1,4,2,1,3,3,5,7,2,0,2
19,3,3,1,2,2,5,1,1,3,2,2,3,2,3,2,2,2,2,2,3,2,3,4,1,4,0,7,0,0
25,0,4,1,2,2,4,1,1,2,1,3,1,1,4,1,2,2,2,3,4,2,4,4,2,10,8,6,2,0
17,3,2,1,1,1,15,1,2,4,2,1,2,2,2,3,3,2,3,2,4,4,2,3,1,3,3,1,0,2
25,3,5,1,1,2,5,1,2,3,3,2,1,1,3,1,2,1,2,3,3,1,3,4,3,8,7,2,1,2
18,3,2,1,2,2,15,2,2,3,2,1,1,1,3,2,1,1,4,2,4,4,3,4,2,3,3,0,3,2
24,3,7,1,2,2,9,1,1,3,2,2,4,1,2,2,1,2,3,2,4,2,2,4,4,10,10,8,10,2
16,3,3,1,1,2,12,2,1,2,1,3,1,1,2,3,4,3,3,1,4,2,3,1,1,10,2,7,8,2
18,3,3,2,1,1,7,1,2,1,1,1,2,1,3,4,1,2,1,4,2,3,3,3,2,9,6,8,5,2
18,3,4,1,2,2,15,1,1,2,2,2,1,1,4,3,1,1,2,1,4,4,4,4,2,6,4,1,6,2
16,3,3,1,2,2,4,1,2,4,1,1,1,1,2,2,1,1,1,1,4,4,1,3,1,3,4,6,8,2
68,4,1,1,2,2,16,2,2,4,1,1,3,4,1,1,1,3,1,1,1,1,1,1,1,10,10,10,0,2
16,3,7,1,2,2,10,1,2,1,2,3,2,1,2,2,1,1,1,4,3,1,4,2,3,4,8,8,4,0
21,3,1,2,2,2,15,1,1,1,1,1,1,2,4,1,1,1,1,1,4,4,3,1,1,3,0,0,0,2
53,4,4,1,2,2,15,1,1,2,3,2,2,2,4,2,3,2,1,3,2,3,3,3,2,1,0,0,0,2
29,3,4,1,2,2,6,1,2,4,1,4,1,1,1,3,1,2,2,1,3,1,1,2,2,5,6,7,7,0
18,3,3,1,1,2,10,1,1,3,1,1,1,1,1,3,2,1,4,1,2,3,1,1,4,7,0,3,1,0
29,3,2,1,2,2,4,2,2,1,1,2,2,1,4,1,1,1,3,2,4,1,4,1,4,10,8,8,9,2
18,3,4,1,1,2,15,1,1,2,3,4,1,2,4,2,3,3,3,2,3,4,3,2,3,3,0,3,4,2
22,3,5,1,2,2,8,1,1,1,1,4,1,1,4,1,1,1,4,1,4,4,4,4,3,1,0,0,1,0
19,7,6,1,2,2,4,2,2,3,2,2,2,4,3,2,3,4,2,2,4,3,3,3,3,6,6,0,0,2
13,5,1,1,2,2,10,1,2,1,1,3,1,1,2,3,1,1,3,2,2,2,1,3,4,4,3,4,0,2
26,0,1,2,2,2,4,2,2,1,2,3,3,1,2,2,3,3,4,1,4,2,2,3,1,6,4,0,0,2
14,3,3,1,2,2,5,1,2,1,1,1,1,1,3,2,1,1,1,2,3,1,1,4,3,2,6,3,0,1
27,3,1,1,2,2,4,1,1,2,2,2,1,2,3,2,4,1,3,1,4,3,3,3,4,8,3,3,3,2
26,3,8,2,2,2,5,2,1,1,3,3,4,1,4,2,4,1,1,3,3,4,4,4,4,8,10,7,3,0
59,7,1,2,1,2,5,2,2,2,1,1,2,3,1,2,1,2,1,1,2,2,1,4,1,1,0,0,1,2
30,3,8,1,1,1,5,1,2,3,3,1,2,1,3,3,1,3,3,2,3,3,3,4,1,8,6,6,8,2
27,3,1,1,2,2,4,1,1,1,2,3,1,1,3,1,2,3,1,1,4,3,3,3,1,6,3,1,7,2
18,6,1,2,1,2,13,1,1,2,1,1,1,1,3,1,1,2,3,1,3,1,4,1,3,2,0,3,0,2
23,0,10,1,1,1,7,2,1,1,1,1,1,1,1,1,1,1,1,4,1,1,1,3,1,0,0,0,0,0
18,3,10,1,1,1,5,1,2,3,3,3,3,2,3,3,3,2,2,4,4,3,3,4,1,10,10,6,6,2
40,3,5,1,2,2,5,1,1,3,3,3,3,1,4,2,2,3,2,3,4,3,4,4,2,3,0,0,1,2
24,3,10,1,2,2,5,1,1,3,1,1,2,1,1,1,1,1,2,3,3,1,1,4,3,7,9,10,0,2
23,3,2,1,1,2,6,1,1,4,1,2,2,1,1,3,1,2,3,1,4,2,1,4,1,8,7,6,2,2
56,7,6,1,2,2,15,2,2,1,1,1,1,1,3,2,1,1,1,1,1,3,1,1,1,2,0,10,10,2
29,7,2,1,2,2,15,1,2,2,1,4,1,1,4,2,2,3,3,1,4,4,2,1,3,10,7,9,3,0
16,7,3,1,2,2,4,2,1,1,1,1,1,1,4,1,4,1,1,1,4,3,1,1,1,6,0,0,0,2
18,3,8,1,1,1,16,1,1,2,1,2,1,4,3,3,1,3,4,1,3,4,3,1,3,3,0,2,2,2
21,3,8,1,2,2,14,1,1,4,4,4,4,4,4,4,4,4,4,4,4,4,4,4,4,6,5,9,8,2
32,3,8,1,2,2,5,1,2,1,1,1,2,1,3,1,1,1,1,3,2,2,3,4,3,7,6,5,8,2
22,5,8,1,1,2,7,1,2,3,1,3,2,2,2,3,1,1,1,4,2,2,1,4,4,10,7,8,6,2
17,3,12,1,1,2,1,1,2,4,1,2,2,3,4,1,2,4,2,3,2,1,4,4,3,0,3,9,5,0
18,3,6,1,2,2,8,1,1,2,1,4,1,1,3,2,4,4,4,1,4,4,4,2,3,0,2,1,5,2
18,3,4,1,1,2,15,2,1,3,2,3,1,3,3,1,4,4,2,1,3,4,4,1,2,2,0,0,0,0
24,3,8,1,2,2,11,1,2,4,1,2,1,1,4,4,1,2,4,1,2,3,3,4,2,2,2,4,0,0
21,3,2,2,2,2,4,2,2,2,1,1,1,2,3,1,1,1,3,3,4,3,3,4,3,5,6,3,4,0
46,0,1,2,2,2,5,2,2,1,3,1,1,1,1,1,1,1,1,1,3,1,1,3,1,0,0,1,0,0
18,3,2,1,1,2,2,1,2,1,1,1,1,3,4,1,1,1,3,1,3,4,4,1,1,5,4,3,7,2
16,3,3,1,1,2,12,1,1,2,1,2,1,1,4,4,4,1,3,1,4,4,4,4,3,2,7,0,0,2
21,3,1,1,2,2,10,1,1,4,4,2,3,2,3,3,1,1,4,2,3,1,3,3,4,0,6,0,4,2
19,0,0,2,2,2,6,1,1,4,2,3,2,2,3,2,2,2,2,1,2,2,2,2,2,0,0,0,0,2
20,3,2,1,1,1,13,1,1,3,1,2,1,1,3,3,1,1,2,1,3,3,4,3,3,7,5,1,3,2
21,7,0.1,1,1,2,9,2,1,3,1,1,4,3,2,1,1,1,1,1,2,1,2,3,1,7,5,3,1,0
56,0,2,1,2,2,5,2,1,2,1,1,1,1,1,1,1,1,1,4,1,1,2,4,1,3,3,1,8,0
21,3,12,1,2,2,5,1,1,3,2,4,2,2,3,3,2,1,3,4,3,2,3,4,2,7,10,4,7,1
20,3,1,1,2,2,4,1,2,2,1,1,4,1,2,2,2,1,3,2,4,2,2,4,1,3,2,3,0,2
21,6,1,1,2,2,5,2,2,3,1,2,1,1,2,2,1,1,1,2,3,1,1,4,2,5,1,1,9,2
25,3,3,1,2,2,5,2,2,1,2,1,3,1,1,1,1,1,3,1,2,1,1,4,3,8,9,4,10,2
33,3,2,1,2,2,7,1,1,2,1,1,3,1,3,2,1,1,1,4,3,3,3,4,3,4,8,0,0,2
20,3,2,1,2,2,5,1,1,2,2,2,2,1,3,3,2,3,3,4,4,3,3,4,2,7,9,7,0,2
17,3,3,1,1,2,5,1,2,3,3,3,1,1,1,1,2,1,2,4,4,1,2,4,1,1,5,6,4,0
24,5,1,2,2,2,11,1,1,2,1,3,2,1,1,3,2,1,2,2,3,2,1,3,4,3,2,1,0,0
26,3,3,1,1,1,11,1,1,2,2,2,2,1,3,4,1,3,2,4,2,3,2,4,2,6,8,0,0,2
17,5,3,1,2,2,5,2,2,2,2,1,2,1,2,2,1,1,2,4,3,1,3,4,4,6,3,6,0,2
16,3,5,1,1,1,7,1,1,3,1,1,2,1,2,3,1,1,2,4,3,1,3,4,3,7,4,8,0,2
27,3,8,1,2,2,7,1,2,1,1,2,1,1,3,1,1,1,1,4,4,4,2,3,1,2,6,9,1,0
28,3,4,1,2,2,2,1,1,2,3,3,2,1,4,1,1,4,3,2,4,2,4,3,2,8,5,3,8,2
48,0,5,1,2,1,5,1,1,4,3,3,4,1,3,2,1,2,1,2,2,2,2,4,2,3,3,0,0,2
19,3,3,1,2,2,13,2,1,1,1,2,2,1,3,1,2,1,4,3,4,3,4,3,3,7,5,3,3,2
21,5,4,1,2,2,5,1,1,3,4,2,4,1,3,1,1,1,2,3,4,3,3,4,2,4,8,2,3,2
21,0,1,1,1,2,6,2,2,4,1,1,1,1,1,1,1,1,1,1,1,1,1,1,2,3,0,0,5,2
15,3,4,1,2,2,7,1,1,2,1,3,2,1,2,1,2,1,1,4,3,3,3,4,2,10,7,3,2,2
20,3,1,2,2,2,5,1,1,3,3,2,4,2,2,4,1,1,1,1,4,2,2,4,1,10,4,8,0,2
21,5,2,1,1,2,10,2,1,3,1,2,3,2,1,2,1,3,3,2,4,3,1,4,4,2,2,0,0,2
22,3,6,1,2,2,9,1,2,1,2,3,4,1,2,2,1,3,3,1,2,2,2,4,3,8,7,7,3,2
22,3,2,2,2,2,5,2,2,2,1,1,1,1,2,2,2,1,1,4,4,1,1,4,3,10,5,2,8,2
31,3,1,1,2,2,5,1,2,4,2,3,2,1,2,2,2,2,3,3,3,1,4,4,4,9,10,10,6,0
20,5,4,1,1,2,7,1,2,2,3,1,1,1,1,2,1,1,1,4,1,1,1,4,3,5,2,1,6,2
49,0,8,1,1,1,6,2,2,4,1,1,1,1,1,2,1,1,1,2,2,1,1,2,1,4,8,9,1,2
42,3,2,1,2,2,7,1,1,3,2,1,1,2,2,1,3,3,2,4,4,3,1,4,4,7,8,5,3,2
26,3,2,1,2,2,8,1,1,2,3,4,3,1,3,2,1,3,2,2,3,2,3,4,1,2,2,0,3,0
17,3,10,1,2,1,12,1,1,2,3,2,2,1,4,1,4,2,3,4,4,3,4,4,3,10,3,0,4,2
30,0,0,2,2,2,7,2,2,2,1,2,1,1,1,1,1,1,1,3,1,1,2,2,2,10,10,10,9,2
23,3,6,1,2,2,9,1,1,3,3,2,3,1,3,3,3,2,2,2,3,3,3,3,2,3,7,7,4,0
30,6,3,1,2,2,8,1,1,2,1,4,1,2,3,1,4,1,1,2,4,3,3,3,1,7,5,7,7,2
31,3,2,1,2,2,7,2,1,2,3,1,4,1,2,2,1,1,1,4,4,4,2,4,3,7,4,8,8,2
42,7,0.25,2,1,2,6,1,1,4,2,1,1,1,1,3,1,2,1,2,3,2,2,3,1,7,9,4,5,2
16,7,4,1,2,2,8,1,1,3,1,4,1,1,1,1,2,1,1,1,1,1,1,1,3,4,7,1,3,2
34,5,2,2,2,2,7,1,2,3,2,1,3,1,2,2,2,2,1,4,3,2,2,4,1,5,9,9,6,2
21,5,2,1,2,2,4,1,2,3,1,4,2,1,2,2,2,3,2,3,4,4,2,3,3,5,4,10,7,0
27,5,3,1,2,2,4,2,2,2,2,2,2,1,4,2,2,2,2,2,4,4,3,3,2,7,2,0,1,2
18,3,6,1,2,2,9,1,1,1,4,4,4,3,3,2,2,2,3,3,4,3,3,4,3,8,6,0,2,2
26,3,3,2,2,2,7,1,2,2,4,1,4,2,3,3,1,1,2,4,2,2,3,4,2,1,3,10,0,0
37,3,2,1,2,2,5,1,2,1,1,1,1,1,2,1,1,1,1,3,3,2,2,3,1,8,10,10,2,1
26,3,5,1,1,2,9,1,1,3,2,2,4,1,4,4,1,2,2,3,3,3,4,4,2,4,7,6,0,0
19,3,4,2,2,2,4,2,1,1,1,3,1,1,3,3,3,3,2,1,4,3,3,3,3,9,6,3,0,0
22,3,4,1,2,2,5,1,2,1,2,1,1,1,2,1,1,1,2,3,4,2,2,4,4,10,7,4,4,2
43,0,0,2,2,2,5,2,2,2,1,1,1,1,2,1,1,1,1,1,3,2,2,3,1,1,2,2,0,0
24,0,12,1,1,1,5,1,2,3,2,1,3,2,2,2,1,2,1,4,4,2,2,4,4,7,10,0,8,2
21,0,0.5,2,2,2,4,2,2,1,1,1,1,1,1,1,3,1,1,1,3,1,1,1,1,10,2,1,10,1
28,0,1,1,2,2,5,2,2,2,2,1,2,1,1,1,1,1,1,1,3,1,1,3,1,2,1,2,2,2
23,5,3,1,2,2,15,1,1,4,1,1,4,1,4,4,1,2,4,2,4,4,4,3,2,3,10,0,0,0
20,6,12,2,2,2,5,1,1,1,3,2,3,3,3,3,2,1,1,3,4,3,3,4,3,7,10,2,0,2
17,3,4,1,1,1,7,2,2,1,2,4,1,1,1,2,1,1,2,4,3,1,1,4,3,4,2,0,0,2
19,3,3,1,2,2,15,2,2,2,2,2,2,2,2,2,2,1,1,1,3,3,3,3,2,4,2,5,3,2
32,3,1,1,2,2,7,1,1,3,3,3,3,1,2,1,4,2,1,4,2,2,3,4,2,6,8,7,0,2
18,5,4,2,2,2,9,1,1,3,4,3,4,2,3,3,1,1,3,4,4,2,2,4,4,8,6,4,0,2
20,7,2,1,1,1,5,1,2,3,2,1,2,1,1,2,2,1,1,1,4,1,1,4,3,2,2,0,0,0
27,3,3,1,2,2,5,1,1,2,1,4,2,1,2,2,1,1,4,4,2,2,2,4,4,8,7,9,3,2
15,3,3,1,1,2,5,2,,3,1,1,1,1,1,1,1,1,2,4,1,1,1,4,2,4,3,5,0,0
26,3,1,1,2,2,5,1,1,2,2,3,3,1,1,1,1,2,4,2,4,2,2,4,3,6,1,0,4,0
24,3,2,1,2,2,4,1,1,1,1,1,1,1,3,2,2,1,2,1,4,4,3,2,2,6,6,3,6,2
20,3,1,1,2,2,12,1,1,3,1,2,1,3,1,2,4,1,3,1,4,3,1,2,1,8,7,1,1,0
21,5,0.5,1,2,2,4,1,1,1,2,1,2,1,2,2,2,1,3,1,4,2,2,3,2,5,3,4,1,2
16,3,2,1,2,2,10,2,2,4,1,1,1,1,1,1,1,1,1,1,2,1,2,1,4,6,2,4,3,2
21,3,11,1,1,1,7,1,1,2,2,3,2,2,4,3,2,2,4,4,4,3,4,4,4,5,6,6,0,2
27,3,10,1,1,1,11,1,1,4,1,1,4,2,2,4,2,2,3,3,3,3,2,3,3,6,10,8,1,2
17,3,5,1,1,2,5,1,2,4,2,2,3,2,4,4,1,2,4,3,3,4,4,4,3,7,3,9,7,2
21,3,1.5,1,1,2,6,1,1,4,2,4,4,3,3,4,1,2,3,2,4,2,3,3,3,4,6,0,0,0
17,3,2,1,2,2,9,1,1,4,3,1,4,3,2,4,1,3,3,1,4,2,1,3,2,9,4,0,1,2
21,3,3,2,2,2,13,1,1,3,1,1,2,1,4,1,1,1,3,2,3,3,4,2,3,9,7,7,5,2
17,5,2,2,2,1,5,1,2,3,3,3,4,2,3,3,1,1,1,3,3,3,3,4,3,5,10,2,7,0
36,5,3,1,2,2,3,2,1,4,4,3,1,1,2,1,4,3,1,1,2,3,1,1,1,1,0,1,0,2
18,3,4,2,2,2,15,1,1,2,1,2,1,3,4,1,4,1,2,1,4,4,4,1,1,8,7,2,6,2
18,3,1,2,2,2,12,2,1,1,1,2,1,1,4,1,4,1,3,1,3,3,2,2,1,5,1,4,0,2
18,6,5,1,1,2,1,1,1,4,3,2,1,1,3,2,3,4,3,1,4,3,2,3,1,10,6,0,0,2
18,6,2,1,2,2,15,1,2,1,1,1,1,1,3,1,4,1,1,1,4,4,4,1,1,7,5,5,5,2
18,3,7,1,2,2,2,1,1,4,2,1,1,2,4,4,2,1,3,1,3,3,3,2,2,3,1,0,3,2
18,3,2,1,2,2,13,1,1,2,1,2,1,1,3,2,2,1,3,1,3,2,4,1,2,5,8,7,4,2
18,0,1,1,2,2,6,2,2,3,3,2,2,2,3,3,2,2,4,1,2,2,2,2,2,2,0,0,5,0
18,0,1,2,1,2,6,2,2,4,1,3,1,1,3,2,1,1,1,1,3,1,2,1,2,7,0,0,0,0
18,3,4,1,2,2,15,2,2,1,2,1,1,1,4,1,1,1,4,1,3,4,3,1,1,8,0,0,2,0
20,3,6,1,2,2,15,1,1,2,1,1,2,1,3,1,3,3,3,1,4,4,4,1,2,4,1,1,0,2
19,3,3,1,2,2,2,1,2,3,1,2,1,1,4,2,2,1,3,1,4,4,4,1,2,3,8,0,2,2
17,3,4,1,2,2,2,1,2,3,1,1,1,1,4,1,1,1,4,1,3,1,4,1,1,7,0,2,2,2
23,3,4,1,2,2,10,1,1,2,2,4,2,2,2,2,2,1,4,3,3,3,3,3,4,10,8,10,0,2
18,5,1,1,1,1,4,1,2,1,2,1,3,2,2,1,3,1,3,1,4,2,3,3,1,7,1,1,1,2
19,3,2,1,1,2,4,1,1,2,1,3,1,1,1,1,3,1,1,2,4,1,2,3,3,5,9,1,7,0
89,3,24,1,1,1,13,2,2,1,1,2,2,1,4,3,1,1,2,2,2,3,4,2,1,0,0,0,0,0
20,3,5,1,1,1,15,1,1,4,3,1,3,1,4,2,4,4,4,1,4,4,4,4,3,10,6,3,8,2
16,3,3,2,1,2,5,1,1,2,1,1,2,1,3,3,1,3,1,1,1,3,3,4,1,7,3.5,3.5,5.5,2
17,3,4,1,1,1,3,1,1,3,4,1,1,1,2,3,4,2,3,1,4,2,2,3,1,2,0,0,2,2
16,3,9,1,2,2,7,2,1,2,1,1,2,1,1,1,2,2,1,4,3,2,2,4,1,10,10,10,8,2
20,5,1,1,2,2,4,2,1,3,2,2,2,2,3,2,1,1,2,2,4,2,3,2,4,8,9,6,5,1
30,5,1,1,1,2,5,1,1,3,2,2,2,2,2,2,3,1,3,3,4,2,2,4,3,9,7,8,4,2
37,3,2,1,2,2,9,1,2,3,3,1,3,1,2,3,1,1,1,2,3,2,2,3,3,6,4,5,0,2
44,5,1.5,2,2,2,9,2,2,2,4,1,4,2,3,1,1,1,1,1,2,2,3,3,1,8,5,9,4,2
21,3,2,1,1,2,7,1,1,1,2,2,1,1,1,1,1,1,1,4,2,1,3,4,2,3,7,0,0,2
19,3,4,1,1,2,4,1,2,3,3,1,2,1,1,1,1,1,3,1,4,1,1,1,1,9,1,0,9,2
23,3,1,1,1,2,5,1,1,2,2,3,3,1,3,2,2,1,3,3,4,3,3,4,4,8,6,1,4,2
26,3,1,2,2,2,3,1,2,3,4,3,2,1,2,1,1,1,1,2,3,1,1,3,2,4,1,1,6,2
18,3,3,1,2,2,10,1,1,3,1,1,1,1,2,3,1,1,2,2,2,2,2,3,4,6,5,3,1,0
35,3,4,1,1,1,2,1,2,3,2,2,3,1,4,4,1,3,4,2,4,4,4,3,4,7,8,6,5,2
16,3,8,1,1,1,5,1,2,4,1,2,3,1,1,2,2,2,2,2,3,2,1,4,3,8,9,5,10,2
19,3,5,1,2,2,7,1,1,1,1,4,1,1,2,1,1,1,1,4,2,1,2,4,3,8,6,7,0,2
23,0,3,1,2,2,5,2,2,1,1,1,2,1,1,3,1,1,2,1,3,2,1,4,1,10,5,2,0,2
17,5,8,1,2,2,4,1,1,2,1,4,1,1,3,2,1,1,4,1,4,1,2,2,4,5,2,4,7,0
29,6,1,2,2,2,3,1,2,3,4,1,3,3,3,2,1,2,1,2,3,2,2,4,1,9,3,2,0,0
21,3,4,1,1,1,4,2,2,2,3,1,3,3,2,3,1,1,1,1,3,3,2,3,1,4,6,3,4,2
17,3,1,2,2,2,7,1,1,3,1,1,2,1,2,2,2,3,2,4,3,1,2,4,2,9,8,4,0,2
23,3,2,2,2,2,5,1,1,2,1,2,2,1,3,1,2,2,2,4,3,3,3,4,1,5,7,10,2,0
17,3,1,1,1,2,7,1,1,2,1,2,3,1,1,1,1,4,4,4,3,1,1,4,4,8,3,9,2,0
22,3,3,1,2,2,10,1,1,2,2,3,3,1,2,3,2,2,2,3,4,2,2,3,4,10,10,6,8,2
17,3,5,1,2,2,2,1,2,2,3,4,1,3,4,1,3,1,3,2,4,4,4,2,2,7,7,5,5,2
19,3,5,1,1,2,4,1,1,4,3,2,1,2,2,2,4,3,4,2,4,2,2,3,2,10,8,1,0,2
19,3,4,1,2,2,4,1,1,3,2,3,1,1,3,3,2,2,3,3,4,3,3,3,3,8,6,2,0,2
16,3,6,1,2,2,4,1,1,2,2,3,2,1,4,3,4,4,2,1,4,4,4,1,1,10,7,6,10,2
19,3,6,1,2,2,4,1,1,2,2,2,1,1,3,3,3,2,3,1,4,2,2,2,3,6,6,8,0,2
13,3,1,1,2,2,10,1,2,2,3,1,2,1,4,2,2,2,4,4,4,1,3,3,4,10,10,8,4,1
18,6,18,1,2,2,8,1,2,3,2,4,1,2,3,3,1,1,3,3,2,3,3,3,3,9,8,5,10,2
26,5,1,1,2,2,7,1,1,3,2,3,4,1,1,2,1,1,2,4,2,1,1,1,2,0,0,0,0,0
14,7,7,1,1,2,3,1,2,2,4,3,3,4,3,1,1,1,2,3,4,3,3,4,2,7,3,1,2,2
21,0,0.5,2,2,2,4,1,2,1,2,3,1,1,3,2,3,1,4,1,4,3,3,4,1,6,2,2,0,2
21,3,2,1,2,2,15,1,1,3,1,3,2,1,1,3,4,1,3,2,3,4,3,3,3,7,6,4,6,2
17,3,2,1,1,2,5,1,1,4,2,1,3,1,3,2,1,3,2,2,4,1,2,4,1,7,6,0,9,2
18,3,1,1,1,2,4,1,1,2,2,1,1,1,1,2,1,1,2,1,4,1,1,3,3,3,2,2,5,2
19,7,6,1,2,1,13,1,2,2,3,3,2,2,4,2,2,2,3,2,3,3,3,2,2,2,2,2,2,2
19,3,5,1,1,2,6,2,2,4,1,1,1,1,1,2,1,1,1,1,1,1,1,1,3,2,3,2,1,2
29,5,2,1,2,2,2,1,1,3,2,4,3,2,4,4,3,1,2,1,3,4,4,4,2,2,2,2,5,2